,global_id,Number,Cells
0,2449491972,1,"{'StationStart': 'Киевский вокзал', 'Line': 'Во Внуково', 'TimeStart': '06:00', 'StationEnd': 'Аэропорт Внуково', 'TimeEnd': '06:36', 'global_id': 2449491972}"
1,2449491974,2,"{'StationStart': 'Киевский вокзал', 'Line': 'Во Внуково', 'TimeStart': '08:00', 'StationEnd': 'Аэропорт Внуково', 'TimeEnd': '08:39', 'global_id': 2449491974}"
2,2449491975,3,"{'StationStart': 'Киевский вокзал', 'Line': 'Во Внуково', 'TimeStart': '09:00', 'StationEnd': 'Аэропорт Внуково', 'TimeEnd': '09:39', 'global_id': 2449491975}"
3,2449491976,4,"{'StationStart': 'Киевский вокзал', 'Line': 'Во Внуково', 'TimeStart': '10:00', 'StationEnd': 'Аэропорт Внуково', 'TimeEnd': '10:38', 'global_id': 2449491976}"
4,2449491977,5,"{'StationStart': 'Киевский вокзал', 'Line': 'Во Внуково', 'TimeStart': '11:00', 'StationEnd': 'Аэропорт Внуково', 'TimeEnd': '11:38', 'global_id': 2449491977}"
5,2449491978,6,"{'StationStart': 'Киевский вокзал', 'Line': 'Во Внуково', 'TimeStart': '12:00', 'StationEnd': 'Аэропорт Внуково', 'TimeEnd': '12:38', 'global_id': 2449491978}"
6,2449492014,7,"{'StationStart': 'Киевский вокзал', 'Line': 'Во Внуково', 'TimeStart': '07:00', 'StationEnd': 'Аэропорт Внуково', 'TimeEnd': '07:37', 'global_id': 2449492014}"
7,2449492023,8,"{'StationStart': 'Киевский вокзал', 'Line': 'Во Внуково', 'TimeStart': '13:00', 'StationEnd': 'Аэропорт Внуково', 'TimeEnd': '13:40', 'global_id': 2449492023}"
8,2449492102,9,"{'StationStart': 'Павелецкий вокзал', 'Line': 'В Домодедово', 'TimeStart': '06:00', 'StationEnd': 'Аэропорт Домодедово', 'TimeEnd': '06:47', 'global_id': 2449492102}"
9,2449492104,10,"{'StationStart': 'Павелецкий вокзал', 'Line': 'В Домодедово', 'TimeStart': '06:30', 'StationEnd': 'Аэропорт Домодедово', 'TimeEnd': '07:18', 'global_id': 2449492104}"
10,2449492111,11,"{'StationStart': 'Павелецкий вокзал', 'Line': 'В Домодедово', 'TimeStart': '08:00', 'StationEnd': 'Аэропорт Домодедово', 'TimeEnd': '08:48', 'global_id': 2449492111}"
11,2449492117,12,"{'StationStart': 'Павелецкий вокзал', 'Line': 'В Домодедово', 'TimeStart': '09:30', 'StationEnd': 'Аэропорт Домодедово', 'TimeEnd': '10:18', 'global_id': 2449492117}"
12,2449492119,13,"{'StationStart': 'Павелецкий вокзал', 'Line': 'В Домодедово', 'TimeStart': '10:00', 'StationEnd': 'Аэропорт Домодедово', 'TimeEnd': '10:48', 'global_id': 2449492119}"
13,2449492122,14,"{'StationStart': 'Павелецкий вокзал', 'Line': 'В Домодедово', 'TimeStart': '10:30', 'StationEnd': 'Аэропорт Домодедово', 'TimeEnd': '11:18', 'global_id': 2449492122}"
14,2449492124,15,"{'StationStart': 'Павелецкий вокзал', 'Line': 'В Домодедово', 'TimeStart': '11:00', 'StationEnd': 'Аэропорт Домодедово', 'TimeEnd': '11:48', 'global_id': 2449492124}"
15,2449492129,16,"{'StationStart': 'Павелецкий вокзал', 'Line': 'В Домодедово', 'TimeStart': '12:00', 'StationEnd': 'Аэропорт Домодедово', 'TimeEnd': '12:47', 'global_id': 2449492129}"
16,2449492131,17,"{'StationStart': 'Павелецкий вокзал', 'Line': 'В Домодедово', 'TimeStart': '12:30', 'StationEnd': 'Аэропорт Домодедово', 'TimeEnd': '13:17', 'global_id': 2449492131}"
17,2449492134,18,"{'StationStart': 'Павелецкий вокзал', 'Line': 'В Домодедово', 'TimeStart': '05:30', 'StationEnd': 'Аэропорт Домодедово', 'TimeEnd': '06:17', 'global_id': 2449492134}"
18,2449492135,19,"{'StationStart': 'Павелецкий вокзал', 'Line': 'В Домодедово', 'TimeStart': '13:30', 'StationEnd': 'Аэропорт Домодедово', 'TimeEnd': '14:17', 'global_id': 2449492135}"
19,2449492139,20,"{'StationStart': 'Павелецкий вокзал', 'Line': 'В Домодедово', 'TimeStart': '07:00', 'StationEnd': 'Аэропорт Домодедово', 'TimeEnd': '07:47', 'global_id': 2449492139}"
20,2449492140,21,"{'StationStart': 'Павелецкий вокзал', 'Line': 'В Домодедово', 'TimeStart': '14:30', 'StationEnd': 'Аэропорт Домодедово', 'TimeEnd': '15:18', 'global_id': 2449492140}"
21,2449492141,22,"{'StationStart': 'Павелецкий вокзал', 'Line': 'В Домодедово', 'TimeStart': '07:30', 'StationEnd': 'Аэропорт Домодедово', 'TimeEnd': '08:17', 'global_id': 2449492141}"
22,2449492144,23,"{'StationStart': 'Павелецкий вокзал', 'Line': 'В Домодедово', 'TimeStart': '08:30', 'StationEnd': 'Аэропорт Домодедово', 'TimeEnd': '09:18', 'global_id': 2449492144}"
23,2449492145,24,"{'StationStart': 'Павелецкий вокзал', 'Line': 'В Домодедово', 'TimeStart': '15:30', 'StationEnd': 'Аэропорт Домодедово', 'TimeEnd': '16:18', 'global_id': 2449492145}"
24,2449492146,25,"{'StationStart': 'Павелецкий вокзал', 'Line': 'В Домодедово', 'TimeStart': '09:00', 'StationEnd': 'Аэропорт Домодедово', 'TimeEnd': '09:48', 'global_id': 2449492146}"
25,2449492147,26,"{'StationStart': 'Павелецкий вокзал', 'Line': 'В Домодедово', 'TimeStart': '16:00', 'StationEnd': 'Аэропорт Домодедово', 'TimeEnd': '16:46', 'global_id': 2449492147}"
26,2449492152,27,"{'StationStart': 'Павелецкий вокзал', 'Line': 'В Домодедово', 'TimeStart': '17:00', 'StationEnd': 'Аэропорт Домодедово', 'TimeEnd': '17:48', 'global_id': 2449492152}"
27,2449492154,28,"{'StationStart': 'Павелецкий вокзал', 'Line': 'В Домодедово', 'TimeStart': '11:30', 'StationEnd': 'Аэропорт Домодедово', 'TimeEnd': '12:17', 'global_id': 2449492154}"
28,2449492155,29,"{'StationStart': 'Павелецкий вокзал', 'Line': 'В Домодедово', 'TimeStart': '17:30', 'StationEnd': 'Аэропорт Домодедово', 'TimeEnd': '18:16', 'global_id': 2449492155}"
29,2449492159,30,"{'StationStart': 'Павелецкий вокзал', 'Line': 'В Домодедово', 'TimeStart': '13:00', 'StationEnd': 'Аэропорт Домодедово', 'TimeEnd': '13:47', 'global_id': 2449492159}"
30,2449492162,31,"{'StationStart': 'Павелецкий вокзал', 'Line': 'В Домодедово', 'TimeStart': '14:00', 'StationEnd': 'Аэропорт Домодедово', 'TimeEnd': '14:47', 'global_id': 2449492162}"
31,2449492165,32,"{'StationStart': 'Павелецкий вокзал', 'Line': 'В Домодедово', 'TimeStart': '19:30', 'StationEnd': 'Аэропорт Домодедово', 'TimeEnd': '20:18', 'global_id': 2449492165}"
32,2449492166,33,"{'StationStart': 'Павелецкий вокзал', 'Line': 'В Домодедово', 'TimeStart': '15:00', 'StationEnd': 'Аэропорт Домодедово', 'TimeEnd': '15:48', 'global_id': 2449492166}"
33,2449492172,34,"{'StationStart': 'Павелецкий вокзал', 'Line': 'В Домодедово', 'TimeStart': '16:30', 'StationEnd': 'Аэропорт Домодедово', 'TimeEnd': '17:18', 'global_id': 2449492172}"
34,2449492176,35,"{'StationStart': 'Павелецкий вокзал', 'Line': 'В Домодедово', 'TimeStart': '21:30', 'StationEnd': 'Аэропорт Домодедово', 'TimeEnd': '22:15', 'global_id': 2449492176}"
35,2449492177,36,"{'StationStart': 'Павелецкий вокзал', 'Line': 'В Домодедово', 'TimeStart': '18:00', 'StationEnd': 'Аэропорт Домодедово', 'TimeEnd': '18:47', 'global_id': 2449492177}"
36,2449492179,37,"{'StationStart': 'Павелецкий вокзал', 'Line': 'В Домодедово', 'TimeStart': '18:30', 'StationEnd': 'Аэропорт Домодедово', 'TimeEnd': '19:17', 'global_id': 2449492179}"
37,2449492180,38,"{'StationStart': 'Павелецкий вокзал', 'Line': 'В Домодедово', 'TimeStart': '19:00', 'StationEnd': 'Аэропорт Домодедово', 'TimeEnd': '19:46', 'global_id': 2449492180}"
38,2449492183,39,"{'StationStart': 'Павелецкий вокзал', 'Line': 'В Домодедово', 'TimeStart': '23:00', 'StationEnd': 'Аэропорт Домодедово', 'TimeEnd': '23:48', 'global_id': 2449492183}"
39,2449492184,40,"{'StationStart': 'Павелецкий вокзал', 'Line': 'В Домодедово', 'TimeStart': '20:00', 'StationEnd': 'Аэропорт Домодедово', 'TimeEnd': '20:47', 'global_id': 2449492184}"
40,2449492185,41,"{'StationStart': 'Павелецкий вокзал', 'Line': 'В Домодедово', 'TimeStart': '20:30', 'StationEnd': 'Аэропорт Домодедово', 'TimeEnd': '21:15', 'global_id': 2449492185}"
41,2449492186,42,"{'StationStart': 'Павелецкий вокзал', 'Line': 'В Домодедово', 'TimeStart': '23:30', 'StationEnd': 'Аэропорт Домодедово', 'TimeEnd': '00:16', 'global_id': 2449492186}"
42,2449492187,43,"{'StationStart': 'Павелецкий вокзал', 'Line': 'В Домодедово', 'TimeStart': '21:00', 'StationEnd': 'Аэропорт Домодедово', 'TimeEnd': '21:48', 'global_id': 2449492187}"
43,2449492188,44,"{'StationStart': 'Верхние Котлы', 'Line': 'В Домодедово', 'TimeStart': '05:38', 'StationEnd': 'Аэропорт Домодедово', 'TimeEnd': '06:17', 'global_id': 2449492188}"
44,2449492191,45,"{'StationStart': 'Павелецкий вокзал', 'Line': 'В Домодедово', 'TimeStart': '22:00', 'StationEnd': 'Аэропорт Домодедово', 'TimeEnd': '22:46', 'global_id': 2449492191}"
45,2449492192,46,"{'StationStart': 'Верхние Котлы', 'Line': 'В Домодедово', 'TimeStart': '06:38', 'StationEnd': 'Аэропорт Домодедово', 'TimeEnd': '07:18', 'global_id': 2449492192}"
46,2449492193,47,"{'StationStart': 'Павелецкий вокзал', 'Line': 'В Домодедово', 'TimeStart': '22:30', 'StationEnd': 'Аэропорт Домодедово', 'TimeEnd': '23:16', 'global_id': 2449492193}"
47,2449492194,48,"{'StationStart': 'Верхние Котлы', 'Line': 'В Домодедово', 'TimeStart': '07:08', 'StationEnd': 'Аэропорт Домодедово', 'TimeEnd': '07:47', 'global_id': 2449492194}"
48,2449492197,49,"{'StationStart': 'Верхние Котлы', 'Line': 'В Домодедово', 'TimeStart': '07:38', 'StationEnd': 'Аэропорт Домодедово', 'TimeEnd': '08:17', 'global_id': 2449492197}"
49,2449492199,50,"{'StationStart': 'Верхние Котлы', 'Line': 'В Домодедово', 'TimeStart': '08:08', 'StationEnd': 'Аэропорт Домодедово', 'TimeEnd': '08:48', 'global_id': 2449492199}"
50,2449492201,51,"{'StationStart': 'Верхние Котлы', 'Line': 'В Домодедово', 'TimeStart': '08:39', 'StationEnd': 'Аэропорт Домодедово', 'TimeEnd': '09:18', 'global_id': 2449492201}"
51,2449492202,52,"{'StationStart': 'Верхние Котлы', 'Line': 'В Домодедово', 'TimeStart': '06:08', 'StationEnd': 'Аэропорт Домодедово', 'TimeEnd': '06:47', 'global_id': 2449492202}"
52,2449492212,53,"{'StationStart': 'Верхние Котлы', 'Line': 'В Домодедово', 'TimeStart': '09:08', 'StationEnd': 'Аэропорт Домодедово', 'TimeEnd': '09:48', 'global_id': 2449492212}"
53,2449492214,54,"{'StationStart': 'Верхние Котлы', 'Line': 'В Домодедово', 'TimeStart': '09:38', 'StationEnd': 'Аэропорт Домодедово', 'TimeEnd': '10:18', 'global_id': 2449492214}"
54,2449492216,55,"{'StationStart': 'Верхние Котлы', 'Line': 'В Домодедово', 'TimeStart': '10:08', 'StationEnd': 'Аэропорт Домодедово', 'TimeEnd': '10:48', 'global_id': 2449492216}"
55,2449492218,56,"{'StationStart': 'Верхние Котлы', 'Line': 'В Домодедово', 'TimeStart': '10:38', 'StationEnd': 'Аэропорт Домодедово', 'TimeEnd': '11:18', 'global_id': 2449492218}"
56,2449492219,57,"{'StationStart': 'Верхние Котлы', 'Line': 'В Домодедово', 'TimeStart': '11:08', 'StationEnd': 'Аэропорт Домодедово', 'TimeEnd': '11:48', 'global_id': 2449492219}"
57,2449492220,58,"{'StationStart': 'Верхние Котлы', 'Line': 'В Домодедово', 'TimeStart': '12:38', 'StationEnd': 'Аэропорт Домодедово', 'TimeEnd': '13:17', 'global_id': 2449492220}"
58,2449492221,59,"{'StationStart': 'Верхние Котлы', 'Line': 'В Домодедово', 'TimeStart': '11:38', 'StationEnd': 'Аэропорт Домодедово', 'TimeEnd': '12:17', 'global_id': 2449492221}"
59,2449492222,60,"{'StationStart': 'Верхние Котлы', 'Line': 'В Домодедово', 'TimeStart': '12:08', 'StationEnd': 'Аэропорт Домодедово', 'TimeEnd': '12:47', 'global_id': 2449492222}"
60,2449492223,61,"{'StationStart': 'Верхние Котлы', 'Line': 'В Домодедово', 'TimeStart': '13:08', 'StationEnd': 'Аэропорт Домодедово', 'TimeEnd': '13:47', 'global_id': 2449492223}"
61,2449492227,62,"{'StationStart': 'Верхние Котлы', 'Line': 'В Домодедово', 'TimeStart': '14:08', 'StationEnd': 'Аэропорт Домодедово', 'TimeEnd': '14:47', 'global_id': 2449492227}"
62,2449492228,63,"{'StationStart': 'Верхние Котлы', 'Line': 'В Домодедово', 'TimeStart': '13:38', 'StationEnd': 'Аэропорт Домодедово', 'TimeEnd': '14:17', 'global_id': 2449492228}"
63,2449492231,64,"{'StationStart': 'Верхние Котлы', 'Line': 'В Домодедово', 'TimeStart': '14:38', 'StationEnd': 'Аэропорт Домодедово', 'TimeEnd': '15:18', 'global_id': 2449492231}"
64,2449492236,65,"{'StationStart': 'Верхние Котлы', 'Line': 'В Домодедово', 'TimeStart': '16:08', 'StationEnd': 'Аэропорт Домодедово', 'TimeEnd': '16:46', 'global_id': 2449492236}"
65,2449492239,66,"{'StationStart': 'Верхние Котлы', 'Line': 'В Домодедово', 'TimeStart': '16:38', 'StationEnd': 'Аэропорт Домодедово', 'TimeEnd': '17:18', 'global_id': 2449492239}"
66,2449492240,67,"{'StationStart': 'Верхние Котлы', 'Line': 'В Домодедово', 'TimeStart': '17:08', 'StationEnd': 'Аэропорт Домодедово', 'TimeEnd': '17:48', 'global_id': 2449492240}"
67,2449492242,68,"{'StationStart': 'Верхние Котлы', 'Line': 'В Домодедово', 'TimeStart': '17:38', 'StationEnd': 'Аэропорт Домодедово', 'TimeEnd': '18:16', 'global_id': 2449492242}"
68,2449492244,69,"{'StationStart': 'Верхние Котлы', 'Line': 'В Домодедово', 'TimeStart': '18:08', 'StationEnd': 'Аэропорт Домодедово', 'TimeEnd': '18:47', 'global_id': 2449492244}"
69,2449492247,70,"{'StationStart': 'Верхние Котлы', 'Line': 'В Домодедово', 'TimeStart': '18:38', 'StationEnd': 'Аэропорт Домодедово', 'TimeEnd': '19:17', 'global_id': 2449492247}"
70,2449492249,71,"{'StationStart': 'Верхние Котлы', 'Line': 'В Домодедово', 'TimeStart': '19:08', 'StationEnd': 'Аэропорт Домодедово', 'TimeEnd': '19:46', 'global_id': 2449492249}"
71,2449492250,72,"{'StationStart': 'Верхние Котлы', 'Line': 'В Домодедово', 'TimeStart': '19:38', 'StationEnd': 'Аэропорт Домодедово', 'TimeEnd': '20:18', 'global_id': 2449492250}"
72,2449492253,73,"{'StationStart': 'Верхние Котлы', 'Line': 'В Домодедово', 'TimeStart': '20:08', 'StationEnd': 'Аэропорт Домодедово', 'TimeEnd': '20:47', 'global_id': 2449492253}"
73,2449492255,74,"{'StationStart': 'Верхние Котлы', 'Line': 'В Домодедово', 'TimeStart': '20:38', 'StationEnd': 'Аэропорт Домодедово', 'TimeEnd': '21:15', 'global_id': 2449492255}"
74,2449492256,75,"{'StationStart': 'Верхние Котлы', 'Line': 'В Домодедово', 'TimeStart': '21:08', 'StationEnd': 'Аэропорт Домодедово', 'TimeEnd': '21:48', 'global_id': 2449492256}"
75,2449492258,76,"{'StationStart': 'Верхние Котлы', 'Line': 'В Домодедово', 'TimeStart': '21:38', 'StationEnd': 'Аэропорт Домодедово', 'TimeEnd': '22:15', 'global_id': 2449492258}"
76,2449492260,77,"{'StationStart': 'Верхние Котлы', 'Line': 'В Домодедово', 'TimeStart': '22:08', 'StationEnd': 'Аэропорт Домодедово', 'TimeEnd': '22:46', 'global_id': 2449492260}"
77,2449492264,78,"{'StationStart': 'Верхние Котлы', 'Line': 'В Домодедово', 'TimeStart': '23:08', 'StationEnd': 'Аэропорт Домодедово', 'TimeEnd': '23:48', 'global_id': 2449492264}"
78,2449492266,79,"{'StationStart': 'Верхние Котлы', 'Line': 'В Домодедово', 'TimeStart': '23:38', 'StationEnd': 'Аэропорт Домодедово', 'TimeEnd': '00:16', 'global_id': 2449492266}"
79,2449492628,80,"{'StationStart': 'Белорусский вокзал', 'Line': 'В Шереметьево', 'TimeStart': '05:15', 'StationEnd': 'Аэропорт Шереметьево', 'TimeEnd': '05:53', 'global_id': 2449492628}"
80,2449492630,81,"{'StationStart': 'Белорусский вокзал', 'Line': 'В Шереметьево', 'TimeStart': '05:40', 'StationEnd': 'Аэропорт Шереметьево', 'TimeEnd': '06:25', 'global_id': 2449492630}"
81,2449492631,82,"{'StationStart': 'Белорусский вокзал', 'Line': 'В Шереметьево', 'TimeStart': '06:17', 'StationEnd': 'Аэропорт Шереметьево', 'TimeEnd': '07:07', 'global_id': 2449492631}"
82,2449492634,83,"{'StationStart': 'Белорусский вокзал', 'Line': 'В Шереметьево', 'TimeStart': '06:47', 'StationEnd': 'Аэропорт Шереметьево', 'TimeEnd': '07:38', 'global_id': 2449492634}"
83,2449492636,84,"{'StationStart': 'Белорусский вокзал', 'Line': 'В Шереметьево', 'TimeStart': '07:27', 'StationEnd': 'Аэропорт Шереметьево', 'TimeEnd': '08:21', 'global_id': 2449492636}"
84,2449492637,85,"{'StationStart': 'Белорусский вокзал', 'Line': 'В Шереметьево', 'TimeStart': '07:58', 'StationEnd': 'Аэропорт Шереметьево', 'TimeEnd': '08:50', 'global_id': 2449492637}"
85,2449492640,86,"{'StationStart': 'Белорусский вокзал', 'Line': 'В Шереметьево', 'TimeStart': '08:38', 'StationEnd': 'Аэропорт Шереметьево', 'TimeEnd': '09:30', 'global_id': 2449492640}"
86,2449492641,87,"{'StationStart': 'Белорусский вокзал', 'Line': 'В Шереметьево', 'TimeStart': '09:08', 'StationEnd': 'Аэропорт Шереметьево', 'TimeEnd': '10:02', 'global_id': 2449492641}"
87,2449492644,88,"{'StationStart': 'Белорусский вокзал', 'Line': 'В Шереметьево', 'TimeStart': '09:48', 'StationEnd': 'Аэропорт Шереметьево', 'TimeEnd': '10:38', 'global_id': 2449492644}"
88,2449492646,89,"{'StationStart': 'Белорусский вокзал', 'Line': 'В Шереметьево', 'TimeStart': '10:18', 'StationEnd': 'Аэропорт Шереметьево', 'TimeEnd': '11:08', 'global_id': 2449492646}"
89,2449492647,90,"{'StationStart': 'Белорусский вокзал', 'Line': 'В Шереметьево', 'TimeStart': '10:58', 'StationEnd': 'Аэропорт Шереметьево', 'TimeEnd': '11:48', 'global_id': 2449492647}"
90,2449492650,91,"{'StationStart': 'Белорусский вокзал', 'Line': 'В Шереметьево', 'TimeStart': '11:28', 'StationEnd': 'Аэропорт Шереметьево', 'TimeEnd': '12:17', 'global_id': 2449492650}"
91,2449492652,92,"{'StationStart': 'Белорусский вокзал', 'Line': 'В Шереметьево', 'TimeStart': '12:08', 'StationEnd': 'Аэропорт Шереметьево', 'TimeEnd': '12:57', 'global_id': 2449492652}"
92,2449492653,93,"{'StationStart': 'Белорусский вокзал', 'Line': 'В Шереметьево', 'TimeStart': '12:38', 'StationEnd': 'Аэропорт Шереметьево', 'TimeEnd': '13:27', 'global_id': 2449492653}"
93,2449492656,94,"{'StationStart': 'Белорусский вокзал', 'Line': 'В Шереметьево', 'TimeStart': '13:18', 'StationEnd': 'Аэропорт Шереметьево', 'TimeEnd': '14:07', 'global_id': 2449492656}"
94,2449492658,95,"{'StationStart': 'Белорусский вокзал', 'Line': 'В Шереметьево', 'TimeStart': '13:48', 'StationEnd': 'Аэропорт Шереметьево', 'TimeEnd': '14:37', 'global_id': 2449492658}"
95,2449492660,96,"{'StationStart': 'Белорусский вокзал', 'Line': 'В Шереметьево', 'TimeStart': '14:28', 'StationEnd': 'Аэропорт Шереметьево', 'TimeEnd': '15:17', 'global_id': 2449492660}"
96,2449492661,97,"{'StationStart': 'Белорусский вокзал', 'Line': 'В Шереметьево', 'TimeStart': '14:58', 'StationEnd': 'Аэропорт Шереметьево', 'TimeEnd': '15:48', 'global_id': 2449492661}"
97,2449492664,98,"{'StationStart': 'Белорусский вокзал', 'Line': 'В Шереметьево', 'TimeStart': '15:38', 'StationEnd': 'Аэропорт Шереметьево', 'TimeEnd': '16:28', 'global_id': 2449492664}"
98,2449492665,99,"{'StationStart': 'Белорусский вокзал', 'Line': 'В Шереметьево', 'TimeStart': '16:08', 'StationEnd': 'Аэропорт Шереметьево', 'TimeEnd': '17:02', 'global_id': 2449492665}"
99,2449492667,100,"{'StationStart': 'Белорусский вокзал', 'Line': 'В Шереметьево', 'TimeStart': '16:48', 'StationEnd': 'Аэропорт Шереметьево', 'TimeEnd': '17:38', 'global_id': 2449492667}"
100,2449492669,101,"{'StationStart': 'Белорусский вокзал', 'Line': 'В Шереметьево', 'TimeStart': '17:18', 'StationEnd': 'Аэропорт Шереметьево', 'TimeEnd': '18:12', 'global_id': 2449492669}"
101,2449492671,102,"{'StationStart': 'Белорусский вокзал', 'Line': 'В Шереметьево', 'TimeStart': '17:58', 'StationEnd': 'Аэропорт Шереметьево', 'TimeEnd': '18:48', 'global_id': 2449492671}"
102,2449492674,103,"{'StationStart': 'Белорусский вокзал', 'Line': 'В Шереметьево', 'TimeStart': '18:28', 'StationEnd': 'Аэропорт Шереметьево', 'TimeEnd': '19:18', 'global_id': 2449492674}"
103,2449492676,104,"{'StationStart': 'Белорусский вокзал', 'Line': 'В Шереметьево', 'TimeStart': '19:08', 'StationEnd': 'Аэропорт Шереметьево', 'TimeEnd': '20:02', 'global_id': 2449492676}"
104,2449492678,105,"{'StationStart': 'Белорусский вокзал', 'Line': 'В Шереметьево', 'TimeStart': '19:38', 'StationEnd': 'Аэропорт Шереметьево', 'TimeEnd': '20:28', 'global_id': 2449492678}"
105,2449492680,106,"{'StationStart': 'Белорусский вокзал', 'Line': 'В Шереметьево', 'TimeStart': '20:18', 'StationEnd': 'Аэропорт Шереметьево', 'TimeEnd': '21:08', 'global_id': 2449492680}"
106,2449492681,107,"{'StationStart': 'Белорусский вокзал', 'Line': 'В Шереметьево', 'TimeStart': '20:48', 'StationEnd': 'Аэропорт Шереметьево', 'TimeEnd': '21:35', 'global_id': 2449492681}"
107,2449492684,108,"{'StationStart': 'Белорусский вокзал', 'Line': 'В Шереметьево', 'TimeStart': '21:28', 'StationEnd': 'Аэропорт Шереметьево', 'TimeEnd': '22:14', 'global_id': 2449492684}"
108,2449492686,109,"{'StationStart': 'Белорусский вокзал', 'Line': 'В Шереметьево', 'TimeStart': '22:03', 'StationEnd': 'Аэропорт Шереметьево', 'TimeEnd': '22:54', 'global_id': 2449492686}"
109,2449492687,110,"{'StationStart': 'Белорусский вокзал', 'Line': 'В Шереметьево', 'TimeStart': '22:35', 'StationEnd': 'Аэропорт Шереметьево', 'TimeEnd': '23:28', 'global_id': 2449492687}"
110,2449492690,111,"{'StationStart': 'Белорусский вокзал', 'Line': 'В Шереметьево', 'TimeStart': '23:18', 'StationEnd': 'Аэропорт Шереметьево', 'TimeEnd': '00:08', 'global_id': 2449492690}"
111,2449492692,112,"{'StationStart': 'Белорусский вокзал', 'Line': 'В Шереметьево', 'TimeStart': '23:50', 'StationEnd': 'Аэропорт Шереметьево', 'TimeEnd': '00:41', 'global_id': 2449492692}"
112,2449492694,113,"{'StationStart': 'Белорусский вокзал', 'Line': 'В Шереметьево', 'TimeStart': '00:36', 'StationEnd': 'Аэропорт Шереметьево', 'TimeEnd': '01:29', 'global_id': 2449492694}"
113,2449492696,114,"{'StationStart': 'Окружная', 'Line': 'В Шереметьево', 'TimeStart': '05:31', 'StationEnd': 'Аэропорт Шереметьево', 'TimeEnd': '05:53', 'global_id': 2449492696}"
114,2449492698,115,"{'StationStart': 'Окружная', 'Line': 'В Шереметьево', 'TimeStart': '05:55', 'StationEnd': 'Аэропорт Шереметьево', 'TimeEnd': '06:25', 'global_id': 2449492698}"
115,2449492700,116,"{'StationStart': 'Окружная', 'Line': 'В Шереметьево', 'TimeStart': '06:33', 'StationEnd': 'Аэропорт Шереметьево', 'TimeEnd': '07:07', 'global_id': 2449492700}"
116,2449492702,117,"{'StationStart': 'Окружная', 'Line': 'В Шереметьево', 'TimeStart': '07:05', 'StationEnd': 'Аэропорт Шереметьево', 'TimeEnd': '07:38', 'global_id': 2449492702}"
117,2449492703,118,"{'StationStart': 'Окружная', 'Line': 'В Шереметьево', 'TimeStart': '07:46', 'StationEnd': 'Аэропорт Шереметьево', 'TimeEnd': '08:21', 'global_id': 2449492703}"
118,2449492705,119,"{'StationStart': 'Окружная', 'Line': 'В Шереметьево', 'TimeStart': '08:15', 'StationEnd': 'Аэропорт Шереметьево', 'TimeEnd': '08:50', 'global_id': 2449492705}"
119,2449492708,120,"{'StationStart': 'Окружная', 'Line': 'В Шереметьево', 'TimeStart': '08:55', 'StationEnd': 'Аэропорт Шереметьево', 'TimeEnd': '09:30', 'global_id': 2449492708}"
120,2449492709,121,"{'StationStart': 'Окружная', 'Line': 'В Шереметьево', 'TimeStart': '09:27', 'StationEnd': 'Аэропорт Шереметьево', 'TimeEnd': '10:02', 'global_id': 2449492709}"
121,2449492711,122,"{'StationStart': 'Окружная', 'Line': 'В Шереметьево', 'TimeStart': '10:05', 'StationEnd': 'Аэропорт Шереметьево', 'TimeEnd': '10:38', 'global_id': 2449492711}"
122,2449492714,123,"{'StationStart': 'Окружная', 'Line': 'В Шереметьево', 'TimeStart': '10:35', 'StationEnd': 'Аэропорт Шереметьево', 'TimeEnd': '11:08', 'global_id': 2449492714}"
123,2449492715,124,"{'StationStart': 'Окружная', 'Line': 'В Шереметьево', 'TimeStart': '11:15', 'StationEnd': 'Аэропорт Шереметьево', 'TimeEnd': '11:48', 'global_id': 2449492715}"
124,2449492718,125,"{'StationStart': 'Окружная', 'Line': 'В Шереметьево', 'TimeStart': '11:44', 'StationEnd': 'Аэропорт Шереметьево', 'TimeEnd': '12:17', 'global_id': 2449492718}"
125,2449492719,126,"{'StationStart': 'Окружная', 'Line': 'В Шереметьево', 'TimeStart': '12:25', 'StationEnd': 'Аэропорт Шереметьево', 'TimeEnd': '12:57', 'global_id': 2449492719}"
126,2449492722,127,"{'StationStart': 'Окружная', 'Line': 'В Шереметьево', 'TimeStart': '12:55', 'StationEnd': 'Аэропорт Шереметьево', 'TimeEnd': '13:27', 'global_id': 2449492722}"
127,2449492723,128,"{'StationStart': 'Окружная', 'Line': 'В Шереметьево', 'TimeStart': '13:35', 'StationEnd': 'Аэропорт Шереметьево', 'TimeEnd': '14:07', 'global_id': 2449492723}"
128,2449492725,129,"{'StationStart': 'Окружная', 'Line': 'В Шереметьево', 'TimeStart': '14:05', 'StationEnd': 'Аэропорт Шереметьево', 'TimeEnd': '14:37', 'global_id': 2449492725}"
129,2449492728,130,"{'StationStart': 'Окружная', 'Line': 'В Шереметьево', 'TimeStart': '14:45', 'StationEnd': 'Аэропорт Шереметьево', 'TimeEnd': '15:17', 'global_id': 2449492728}"
130,2449492729,131,"{'StationStart': 'Окружная', 'Line': 'В Шереметьево', 'TimeStart': '15:15', 'StationEnd': 'Аэропорт Шереметьево', 'TimeEnd': '15:48', 'global_id': 2449492729}"
131,2449492730,132,"{'StationStart': 'Окружная', 'Line': 'В Шереметьево', 'TimeStart': '15:55', 'StationEnd': 'Аэропорт Шереметьево', 'TimeEnd': '16:28', 'global_id': 2449492730}"
132,2449492733,133,"{'StationStart': 'Окружная', 'Line': 'В Шереметьево', 'TimeStart': '16:26', 'StationEnd': 'Аэропорт Шереметьево', 'TimeEnd': '17:02', 'global_id': 2449492733}"
133,2449492736,134,"{'StationStart': 'Окружная', 'Line': 'В Шереметьево', 'TimeStart': '17:06', 'StationEnd': 'Аэропорт Шереметьево', 'TimeEnd': '17:38', 'global_id': 2449492736}"
134,2449492737,135,"{'StationStart': 'Окружная', 'Line': 'В Шереметьево', 'TimeStart': '17:37', 'StationEnd': 'Аэропорт Шереметьево', 'TimeEnd': '18:12', 'global_id': 2449492737}"
135,2449492740,136,"{'StationStart': 'Окружная', 'Line': 'В Шереметьево', 'TimeStart': '18:15', 'StationEnd': 'Аэропорт Шереметьево', 'TimeEnd': '18:48', 'global_id': 2449492740}"
136,2449492742,137,"{'StationStart': 'Окружная', 'Line': 'В Шереметьево', 'TimeStart': '18:45', 'StationEnd': 'Аэропорт Шереметьево', 'TimeEnd': '19:18', 'global_id': 2449492742}"
137,2449492744,138,"{'StationStart': 'Окружная', 'Line': 'В Шереметьево', 'TimeStart': '19:27', 'StationEnd': 'Аэропорт Шереметьево', 'TimeEnd': '20:02', 'global_id': 2449492744}"
138,2449492746,139,"{'StationStart': 'Окружная', 'Line': 'В Шереметьево', 'TimeStart': '19:56', 'StationEnd': 'Аэропорт Шереметьево', 'TimeEnd': '20:28', 'global_id': 2449492746}"
139,2449492748,140,"{'StationStart': 'Окружная', 'Line': 'В Шереметьево', 'TimeStart': '20:35', 'StationEnd': 'Аэропорт Шереметьево', 'TimeEnd': '21:08', 'global_id': 2449492748}"
140,2449492750,141,"{'StationStart': 'Окружная', 'Line': 'В Шереметьево', 'TimeStart': '21:05', 'StationEnd': 'Аэропорт Шереметьево', 'TimeEnd': '21:35', 'global_id': 2449492750}"
141,2449492751,142,"{'StationStart': 'Окружная', 'Line': 'В Шереметьево', 'TimeStart': '21:44', 'StationEnd': 'Аэропорт Шереметьево', 'TimeEnd': '22:14', 'global_id': 2449492751}"
142,2449492754,143,"{'StationStart': 'Окружная', 'Line': 'В Шереметьево', 'TimeStart': '22:21', 'StationEnd': 'Аэропорт Шереметьево', 'TimeEnd': '22:54', 'global_id': 2449492754}"
143,2449492756,144,"{'StationStart': 'Окружная', 'Line': 'В Шереметьево', 'TimeStart': '22:53', 'StationEnd': 'Аэропорт Шереметьево', 'TimeEnd': '23:28', 'global_id': 2449492756}"
144,2449492758,145,"{'StationStart': 'Окружная', 'Line': 'В Шереметьево', 'TimeStart': '23:35', 'StationEnd': 'Аэропорт Шереметьево', 'TimeEnd': '00:08', 'global_id': 2449492758}"
145,2449492760,146,"{'StationStart': 'Окружная', 'Line': 'В Шереметьево', 'TimeStart': '00:06', 'StationEnd': 'Аэропорт Шереметьево', 'TimeEnd': '00:41', 'global_id': 2449492760}"
146,2449492761,147,"{'StationStart': 'Окружная', 'Line': 'В Шереметьево', 'TimeStart': '00:54', 'StationEnd': 'Аэропорт Шереметьево', 'TimeEnd': '01:29', 'global_id': 2449492761}"
147,2449494947,148,"{'StationStart': 'Киевский вокзал', 'Line': 'Во Внуково', 'TimeStart': '16:00', 'StationEnd': 'Аэропорт Внуково', 'TimeEnd': '16:38', 'global_id': 2449494947}"
148,2449494948,149,"{'StationStart': 'Киевский вокзал', 'Line': 'Во Внуково', 'TimeStart': '17:00', 'StationEnd': 'Аэропорт Внуково', 'TimeEnd': '17:38', 'global_id': 2449494948}"
149,2449494949,150,"{'StationStart': 'Киевский вокзал', 'Line': 'Во Внуково', 'TimeStart': '18:00', 'StationEnd': 'Аэропорт Внуково', 'TimeEnd': '18:37', 'global_id': 2449494949}"
150,2449494950,151,"{'StationStart': 'Киевский вокзал', 'Line': 'Во Внуково', 'TimeStart': '19:00', 'StationEnd': 'Аэропорт Внуково', 'TimeEnd': '19:39', 'global_id': 2449494950}"
151,2449494951,152,"{'StationStart': 'Киевский вокзал', 'Line': 'Во Внуково', 'TimeStart': '20:00', 'StationEnd': 'Аэропорт Внуково', 'TimeEnd': '20:40', 'global_id': 2449494951}"
152,2449494952,153,"{'StationStart': 'Киевский вокзал', 'Line': 'Во Внуково', 'TimeStart': '21:00', 'StationEnd': 'Аэропорт Внуково', 'TimeEnd': '21:37', 'global_id': 2449494952}"
153,2449494953,154,"{'StationStart': 'Киевский вокзал', 'Line': 'Во Внуково', 'TimeStart': '22:00', 'StationEnd': 'Аэропорт Внуково', 'TimeEnd': '22:37', 'global_id': 2449494953}"
154,2449494954,155,"{'StationStart': 'Киевский вокзал', 'Line': 'Во Внуково', 'TimeStart': '23:00', 'StationEnd': 'Аэропорт Внуково', 'TimeEnd': '23:38', 'global_id': 2449494954}"
155,2449494955,156,"{'StationStart': 'Аминьевская', 'Line': 'Во Внуково', 'TimeStart': '06:10', 'StationEnd': 'Аэропорт Внуково', 'TimeEnd': '06:36', 'global_id': 2449494955}"
156,2449494956,157,"{'StationStart': 'Аминьевская', 'Line': 'Во Внуково', 'TimeStart': '07:10', 'StationEnd': 'Аэропорт Внуково', 'TimeEnd': '07:37', 'global_id': 2449494956}"
157,2449494957,158,"{'StationStart': 'Аминьевская', 'Line': 'Во Внуково', 'TimeStart': '08:10', 'StationEnd': 'Аэропорт Внуково', 'TimeEnd': '08:39', 'global_id': 2449494957}"
158,2449494958,159,"{'StationStart': 'Аминьевская', 'Line': 'Во Внуково', 'TimeStart': '09:10', 'StationEnd': 'Аэропорт Внуково', 'TimeEnd': '09:39', 'global_id': 2449494958}"
159,2449494959,160,"{'StationStart': 'Аминьевская', 'Line': 'Во Внуково', 'TimeStart': '10:10', 'StationEnd': 'Аэропорт Внуково', 'TimeEnd': '10:38', 'global_id': 2449494959}"
160,2449494960,161,"{'StationStart': 'Аминьевская', 'Line': 'Во Внуково', 'TimeStart': '11:10', 'StationEnd': 'Аэропорт Внуково', 'TimeEnd': '11:38', 'global_id': 2449494960}"
161,2449494961,162,"{'StationStart': 'Аминьевская', 'Line': 'Во Внуково', 'TimeStart': '12:10', 'StationEnd': 'Аэропорт Внуково', 'TimeEnd': '12:38', 'global_id': 2449494961}"
162,2449494962,163,"{'StationStart': 'Аминьевская', 'Line': 'Во Внуково', 'TimeStart': '13:11', 'StationEnd': 'Аэропорт Внуково', 'TimeEnd': '13:40', 'global_id': 2449494962}"
163,2449494963,164,"{'StationStart': 'Аминьевская', 'Line': 'Во Внуково', 'TimeStart': '14:11', 'StationEnd': 'Аэропорт Внуково', 'TimeEnd': '14:40', 'global_id': 2449494963}"
164,2449494964,165,"{'StationStart': 'Аминьевская', 'Line': 'Во Внуково', 'TimeStart': '15:10', 'StationEnd': 'Аэропорт Внуково', 'TimeEnd': '15:35', 'global_id': 2449494964}"
165,2449494965,166,"{'StationStart': 'Аминьевская', 'Line': 'Во Внуково', 'TimeStart': '16:10', 'StationEnd': 'Аэропорт Внуково', 'TimeEnd': '16:38', 'global_id': 2449494965}"
166,2449494966,167,"{'StationStart': 'Аминьевская', 'Line': 'Во Внуково', 'TimeStart': '17:10', 'StationEnd': 'Аэропорт Внуково', 'TimeEnd': '17:38', 'global_id': 2449494966}"
167,2449494967,168,"{'StationStart': 'Аминьевская', 'Line': 'Во Внуково', 'TimeStart': '18:10', 'StationEnd': 'Аэропорт Внуково', 'TimeEnd': '18:37', 'global_id': 2449494967}"
168,2449494968,169,"{'StationStart': 'Аминьевская', 'Line': 'Во Внуково', 'TimeStart': '19:10', 'StationEnd': 'Аэропорт Внуково', 'TimeEnd': '19:39', 'global_id': 2449494968}"
169,2449494969,170,"{'StationStart': 'Аминьевская', 'Line': 'Во Внуково', 'TimeStart': '20:10', 'StationEnd': 'Аэропорт Внуково', 'TimeEnd': '20:40', 'global_id': 2449494969}"
170,2449494970,171,"{'StationStart': 'Аминьевская', 'Line': 'Во Внуково', 'TimeStart': '21:10', 'StationEnd': 'Аэропорт Внуково', 'TimeEnd': '21:37', 'global_id': 2449494970}"
171,2449494971,172,"{'StationStart': 'Аминьевская', 'Line': 'Во Внуково', 'TimeStart': '22:10', 'StationEnd': 'Аэропорт Внуково', 'TimeEnd': '22:37', 'global_id': 2449494971}"
172,2449494972,173,"{'StationStart': 'Аминьевская', 'Line': 'Во Внуково', 'TimeStart': '23:10', 'StationEnd': 'Аэропорт Внуково', 'TimeEnd': '23:38', 'global_id': 2449494972}"
173,2449494973,174,"{'StationStart': 'Аэропорт Внуково', 'Line': 'Во Внуково', 'TimeStart': '06:00', 'StationEnd': 'Киевский вокзал', 'TimeEnd': '06:38', 'global_id': 2449494973}"
174,2449494974,175,"{'StationStart': 'Аэропорт Внуково', 'Line': 'Во Внуково', 'TimeStart': '07:00', 'StationEnd': 'Киевский вокзал', 'TimeEnd': '07:39', 'global_id': 2449494974}"
175,2449494975,176,"{'StationStart': 'Аэропорт Внуково', 'Line': 'Во Внуково', 'TimeStart': '08:00', 'StationEnd': 'Киевский вокзал', 'TimeEnd': '08:39', 'global_id': 2449494975}"
176,2449494976,177,"{'StationStart': 'Аэропорт Внуково', 'Line': 'Во Внуково', 'TimeStart': '09:00', 'StationEnd': 'Киевский вокзал', 'TimeEnd': '09:41', 'global_id': 2449494976}"
177,2449494977,178,"{'StationStart': 'Аэропорт Внуково', 'Line': 'Во Внуково', 'TimeStart': '10:00', 'StationEnd': 'Киевский вокзал', 'TimeEnd': '10:37', 'global_id': 2449494977}"
178,2449494978,179,"{'StationStart': 'Аэропорт Внуково', 'Line': 'Во Внуково', 'TimeStart': '11:00', 'StationEnd': 'Киевский вокзал', 'TimeEnd': '11:38', 'global_id': 2449494978}"
179,2449494979,180,"{'StationStart': 'Аэропорт Внуково', 'Line': 'Во Внуково', 'TimeStart': '12:00', 'StationEnd': 'Киевский вокзал', 'TimeEnd': '12:39', 'global_id': 2449494979}"
180,2449494980,181,"{'StationStart': 'Аэропорт Внуково', 'Line': 'Во Внуково', 'TimeStart': '13:00', 'StationEnd': 'Киевский вокзал', 'TimeEnd': '13:35', 'global_id': 2449494980}"
181,2449494981,182,"{'StationStart': 'Аэропорт Внуково', 'Line': 'Во Внуково', 'TimeStart': '14:00', 'StationEnd': 'Киевский вокзал', 'TimeEnd': '14:37', 'global_id': 2449494981}"
182,2449494982,183,"{'StationStart': 'Аэропорт Внуково', 'Line': 'Во Внуково', 'TimeStart': '15:00', 'StationEnd': 'Киевский вокзал', 'TimeEnd': '15:38', 'global_id': 2449494982}"
183,2449494983,184,"{'StationStart': 'Аэропорт Внуково', 'Line': 'Во Внуково', 'TimeStart': '16:00', 'StationEnd': 'Киевский вокзал', 'TimeEnd': '16:37', 'global_id': 2449494983}"
184,2449494984,185,"{'StationStart': 'Аэропорт Внуково', 'Line': 'Во Внуково', 'TimeStart': '17:00', 'StationEnd': 'Киевский вокзал', 'TimeEnd': '17:36', 'global_id': 2449494984}"
185,2449494985,186,"{'StationStart': 'Аэропорт Внуково', 'Line': 'Во Внуково', 'TimeStart': '18:00', 'StationEnd': 'Киевский вокзал', 'TimeEnd': '18:41', 'global_id': 2449494985}"
186,2449494986,187,"{'StationStart': 'Аэропорт Внуково', 'Line': 'Во Внуково', 'TimeStart': '19:00', 'StationEnd': 'Киевский вокзал', 'TimeEnd': '19:40', 'global_id': 2449494986}"
187,2449494987,188,"{'StationStart': 'Аэропорт Внуково', 'Line': 'Во Внуково', 'TimeStart': '20:00', 'StationEnd': 'Киевский вокзал', 'TimeEnd': '20:38', 'global_id': 2449494987}"
188,2449494988,189,"{'StationStart': 'Аэропорт Внуково', 'Line': 'Во Внуково', 'TimeStart': '21:00', 'StationEnd': 'Киевский вокзал', 'TimeEnd': '21:42', 'global_id': 2449494988}"
189,2449494989,190,"{'StationStart': 'Аэропорт Внуково', 'Line': 'Во Внуково', 'TimeStart': '22:00', 'StationEnd': 'Киевский вокзал', 'TimeEnd': '22:38', 'global_id': 2449494989}"
190,2449494990,191,"{'StationStart': 'Аэропорт Внуково', 'Line': 'Во Внуково', 'TimeStart': '23:00', 'StationEnd': 'Киевский вокзал', 'TimeEnd': '23:38', 'global_id': 2449494990}"
191,2449494991,192,"{'StationStart': 'Аэропорт Внуково', 'Line': 'Во Внуково', 'TimeStart': '06:00', 'StationEnd': 'Аминьевская', 'TimeEnd': '06:28', 'global_id': 2449494991}"
192,2449494992,193,"{'StationStart': 'Аэропорт Внуково', 'Line': 'Во Внуково', 'TimeStart': '07:00', 'StationEnd': 'Аминьевская', 'TimeEnd': '07:29', 'global_id': 2449494992}"
193,2449494993,194,"{'StationStart': 'Аэропорт Внуково', 'Line': 'Во Внуково', 'TimeStart': '08:00', 'StationEnd': 'Аминьевская', 'TimeEnd': '08:29', 'global_id': 2449494993}"
194,2449494994,195,"{'StationStart': 'Аэропорт Внуково', 'Line': 'Во Внуково', 'TimeStart': '09:00', 'StationEnd': 'Аминьевская', 'TimeEnd': '09:31', 'global_id': 2449494994}"
195,2449494995,196,"{'StationStart': 'Аэропорт Внуково', 'Line': 'Во Внуково', 'TimeStart': '10:00', 'StationEnd': 'Аминьевская', 'TimeEnd': '10:27', 'global_id': 2449494995}"
196,2449494996,197,"{'StationStart': 'Аэропорт Внуково', 'Line': 'Во Внуково', 'TimeStart': '11:00', 'StationEnd': 'Аминьевская', 'TimeEnd': '11:28', 'global_id': 2449494996}"
197,2449494997,198,"{'StationStart': 'Аэропорт Внуково', 'Line': 'Во Внуково', 'TimeStart': '12:00', 'StationEnd': 'Аминьевская', 'TimeEnd': '12:29', 'global_id': 2449494997}"
198,2449494998,199,"{'StationStart': 'Аэропорт Внуково', 'Line': 'Во Внуково', 'TimeStart': '13:00', 'StationEnd': 'Аминьевская', 'TimeEnd': '13:25', 'global_id': 2449494998}"
199,2449494999,200,"{'StationStart': 'Аэропорт Внуково', 'Line': 'Во Внуково', 'TimeStart': '14:00', 'StationEnd': 'Аминьевская', 'TimeEnd': '14:27', 'global_id': 2449494999}"
200,2449495000,201,"{'StationStart': 'Аэропорт Внуково', 'Line': 'Во Внуково', 'TimeStart': '15:00', 'StationEnd': 'Аминьевская', 'TimeEnd': '15:28', 'global_id': 2449495000}"
201,2449495001,202,"{'StationStart': 'Аэропорт Внуково', 'Line': 'Во Внуково', 'TimeStart': '16:00', 'StationEnd': 'Аминьевская', 'TimeEnd': '16:27', 'global_id': 2449495001}"
202,2449495002,203,"{'StationStart': 'Аэропорт Внуково', 'Line': 'Во Внуково', 'TimeStart': '17:00', 'StationEnd': 'Аминьевская', 'TimeEnd': '17:26', 'global_id': 2449495002}"
203,2449495003,204,"{'StationStart': 'Аэропорт Внуково', 'Line': 'Во Внуково', 'TimeStart': '18:00', 'StationEnd': 'Аминьевская', 'TimeEnd': '18:31', 'global_id': 2449495003}"
204,2449495004,205,"{'StationStart': 'Аэропорт Внуково', 'Line': 'Во Внуково', 'TimeStart': '19:00', 'StationEnd': 'Аминьевская', 'TimeEnd': '19:30', 'global_id': 2449495004}"
205,2449495005,206,"{'StationStart': 'Аэропорт Внуково', 'Line': 'Во Внуково', 'TimeStart': '20:00', 'StationEnd': 'Аминьевская', 'TimeEnd': '20:28', 'global_id': 2449495005}"
206,2449495006,207,"{'StationStart': 'Аэропорт Внуково', 'Line': 'Во Внуково', 'TimeStart': '21:00', 'StationEnd': 'Аминьевская', 'TimeEnd': '21:32', 'global_id': 2449495006}"
207,2449495007,208,"{'StationStart': 'Аэропорт Внуково', 'Line': 'Во Внуково', 'TimeStart': '22:00', 'StationEnd': 'Аминьевская', 'TimeEnd': '22:28', 'global_id': 2449495007}"
208,2449495008,209,"{'StationStart': 'Аэропорт Внуково', 'Line': 'Во Внуково', 'TimeStart': '23:00', 'StationEnd': 'Аминьевская', 'TimeEnd': '23:28', 'global_id': 2449495008}"
209,2449495012,210,"{'StationStart': 'Аэропорт Домодедово', 'Line': 'В Домодедово', 'TimeStart': '00:01', 'StationEnd': 'Павелецкий вокзал', 'TimeEnd': '00:47', 'global_id': 2449495012}"
210,2449495013,211,"{'StationStart': 'Аэропорт Домодедово', 'Line': 'В Домодедово', 'TimeStart': '06:00', 'StationEnd': 'Павелецкий вокзал', 'TimeEnd': '06:45', 'global_id': 2449495013}"
211,2449495014,212,"{'StationStart': 'Аэропорт Домодедово', 'Line': 'В Домодедово', 'TimeStart': '06:30', 'StationEnd': 'Павелецкий вокзал', 'TimeEnd': '07:15', 'global_id': 2449495014}"
212,2449495015,213,"{'StationStart': 'Аэропорт Домодедово', 'Line': 'В Домодедово', 'TimeStart': '07:00', 'StationEnd': 'Павелецкий вокзал', 'TimeEnd': '07:48', 'global_id': 2449495015}"
213,2449495017,214,"{'StationStart': 'Аэропорт Домодедово', 'Line': 'В Домодедово', 'TimeStart': '07:30', 'StationEnd': 'Павелецкий вокзал', 'TimeEnd': '08:16', 'global_id': 2449495017}"
214,2449495018,215,"{'StationStart': 'Аэропорт Домодедово', 'Line': 'В Домодедово', 'TimeStart': '08:00', 'StationEnd': 'Павелецкий вокзал', 'TimeEnd': '08:46', 'global_id': 2449495018}"
215,2449495019,216,"{'StationStart': 'Аэропорт Домодедово', 'Line': 'В Домодедово', 'TimeStart': '08:30', 'StationEnd': 'Павелецкий вокзал', 'TimeEnd': '09:16', 'global_id': 2449495019}"
216,2449495020,217,"{'StationStart': 'Аэропорт Домодедово', 'Line': 'В Домодедово', 'TimeStart': '09:00', 'StationEnd': 'Павелецкий вокзал', 'TimeEnd': '09:47', 'global_id': 2449495020}"
217,2449495021,218,"{'StationStart': 'Аэропорт Домодедово', 'Line': 'В Домодедово', 'TimeStart': '09:30', 'StationEnd': 'Павелецкий вокзал', 'TimeEnd': '10:16', 'global_id': 2449495021}"
218,2449495022,219,"{'StationStart': 'Аэропорт Домодедово', 'Line': 'В Домодедово', 'TimeStart': '10:00', 'StationEnd': 'Павелецкий вокзал', 'TimeEnd': '10:48', 'global_id': 2449495022}"
219,2449495023,220,"{'StationStart': 'Аэропорт Домодедово', 'Line': 'В Домодедово', 'TimeStart': '10:30', 'StationEnd': 'Павелецкий вокзал', 'TimeEnd': '11:18', 'global_id': 2449495023}"
220,2449495024,221,"{'StationStart': 'Аэропорт Домодедово', 'Line': 'В Домодедово', 'TimeStart': '11:00', 'StationEnd': 'Павелецкий вокзал', 'TimeEnd': '11:46', 'global_id': 2449495024}"
221,2449495025,222,"{'StationStart': 'Аэропорт Домодедово', 'Line': 'В Домодедово', 'TimeStart': '11:30', 'StationEnd': 'Павелецкий вокзал', 'TimeEnd': '12:17', 'global_id': 2449495025}"
222,2449495026,223,"{'StationStart': 'Аэропорт Домодедово', 'Line': 'В Домодедово', 'TimeStart': '12:00', 'StationEnd': 'Павелецкий вокзал', 'TimeEnd': '12:48', 'global_id': 2449495026}"
223,2449495028,224,"{'StationStart': 'Аэропорт Домодедово', 'Line': 'В Домодедово', 'TimeStart': '12:30', 'StationEnd': 'Павелецкий вокзал', 'TimeEnd': '13:20', 'global_id': 2449495028}"
224,2449495029,225,"{'StationStart': 'Аэропорт Домодедово', 'Line': 'В Домодедово', 'TimeStart': '13:00', 'StationEnd': 'Павелецкий вокзал', 'TimeEnd': '13:46', 'global_id': 2449495029}"
225,2449495030,226,"{'StationStart': 'Аэропорт Домодедово', 'Line': 'В Домодедово', 'TimeStart': '13:30', 'StationEnd': 'Павелецкий вокзал', 'TimeEnd': '14:14', 'global_id': 2449495030}"
226,2449495031,227,"{'StationStart': 'Аэропорт Домодедово', 'Line': 'В Домодедово', 'TimeStart': '14:00', 'StationEnd': 'Павелецкий вокзал', 'TimeEnd': '14:49', 'global_id': 2449495031}"
227,2449495032,228,"{'StationStart': 'Аэропорт Домодедово', 'Line': 'В Домодедово', 'TimeStart': '14:30', 'StationEnd': 'Павелецкий вокзал', 'TimeEnd': '15:17', 'global_id': 2449495032}"
228,2449495033,229,"{'StationStart': 'Аэропорт Домодедово', 'Line': 'В Домодедово', 'TimeStart': '15:00', 'StationEnd': 'Павелецкий вокзал', 'TimeEnd': '15:46', 'global_id': 2449495033}"
229,2449495034,230,"{'StationStart': 'Аэропорт Домодедово', 'Line': 'В Домодедово', 'TimeStart': '15:30', 'StationEnd': 'Павелецкий вокзал', 'TimeEnd': '16:19', 'global_id': 2449495034}"
230,2449495035,231,"{'StationStart': 'Аэропорт Домодедово', 'Line': 'В Домодедово', 'TimeStart': '16:00', 'StationEnd': 'Павелецкий вокзал', 'TimeEnd': '16:48', 'global_id': 2449495035}"
231,2449495036,232,"{'StationStart': 'Аэропорт Домодедово', 'Line': 'В Домодедово', 'TimeStart': '16:30', 'StationEnd': 'Павелецкий вокзал', 'TimeEnd': '17:18', 'global_id': 2449495036}"
232,2449495037,233,"{'StationStart': 'Аэропорт Домодедово', 'Line': 'В Домодедово', 'TimeStart': '17:00', 'StationEnd': 'Павелецкий вокзал', 'TimeEnd': '17:48', 'global_id': 2449495037}"
233,2449495039,234,"{'StationStart': 'Аэропорт Домодедово', 'Line': 'В Домодедово', 'TimeStart': '17:30', 'StationEnd': 'Павелецкий вокзал', 'TimeEnd': '18:18', 'global_id': 2449495039}"
234,2449495040,235,"{'StationStart': 'Аэропорт Домодедово', 'Line': 'В Домодедово', 'TimeStart': '18:00', 'StationEnd': 'Павелецкий вокзал', 'TimeEnd': '18:49', 'global_id': 2449495040}"
235,2449495041,236,"{'StationStart': 'Аэропорт Домодедово', 'Line': 'В Домодедово', 'TimeStart': '18:30', 'StationEnd': 'Павелецкий вокзал', 'TimeEnd': '19:20', 'global_id': 2449495041}"
236,2449495042,237,"{'StationStart': 'Аэропорт Домодедово', 'Line': 'В Домодедово', 'TimeStart': '19:00', 'StationEnd': 'Павелецкий вокзал', 'TimeEnd': '19:47', 'global_id': 2449495042}"
237,2449495043,238,"{'StationStart': 'Аэропорт Домодедово', 'Line': 'В Домодедово', 'TimeStart': '19:30', 'StationEnd': 'Павелецкий вокзал', 'TimeEnd': '20:19', 'global_id': 2449495043}"
238,2449495044,239,"{'StationStart': 'Аэропорт Домодедово', 'Line': 'В Домодедово', 'TimeStart': '20:00', 'StationEnd': 'Павелецкий вокзал', 'TimeEnd': '20:48', 'global_id': 2449495044}"
239,2449495045,240,"{'StationStart': 'Аэропорт Домодедово', 'Line': 'В Домодедово', 'TimeStart': '20:30', 'StationEnd': 'Павелецкий вокзал', 'TimeEnd': '21:19', 'global_id': 2449495045}"
240,2449495047,241,"{'StationStart': 'Аэропорт Домодедово', 'Line': 'В Домодедово', 'TimeStart': '21:00', 'StationEnd': 'Павелецкий вокзал', 'TimeEnd': '21:48', 'global_id': 2449495047}"
241,2449495048,242,"{'StationStart': 'Аэропорт Домодедово', 'Line': 'В Домодедово', 'TimeStart': '21:30', 'StationEnd': 'Павелецкий вокзал', 'TimeEnd': '22:16', 'global_id': 2449495048}"
242,2449495049,243,"{'StationStart': 'Аэропорт Домодедово', 'Line': 'В Домодедово', 'TimeStart': '22:00', 'StationEnd': 'Павелецкий вокзал', 'TimeEnd': '22:48', 'global_id': 2449495049}"
243,2449495050,244,"{'StationStart': 'Аэропорт Домодедово', 'Line': 'В Домодедово', 'TimeStart': '22:30', 'StationEnd': 'Павелецкий вокзал', 'TimeEnd': '23:18', 'global_id': 2449495050}"
244,2449495051,245,"{'StationStart': 'Аэропорт Домодедово', 'Line': 'В Домодедово', 'TimeStart': '23:00', 'StationEnd': 'Павелецкий вокзал', 'TimeEnd': '23:48', 'global_id': 2449495051}"
245,2449495052,246,"{'StationStart': 'Аэропорт Домодедово', 'Line': 'В Домодедово', 'TimeStart': '23:30', 'StationEnd': 'Павелецкий вокзал', 'TimeEnd': '00:18', 'global_id': 2449495052}"
246,2449495053,247,"{'StationStart': 'Аэропорт Домодедово', 'Line': 'В Домодедово', 'TimeStart': '00:01', 'StationEnd': 'Верхние Котлы', 'TimeEnd': '00:40', 'global_id': 2449495053}"
247,2449495054,248,"{'StationStart': 'Аэропорт Домодедово', 'Line': 'В Домодедово', 'TimeStart': '06:00', 'StationEnd': 'Верхние Котлы', 'TimeEnd': '06:38', 'global_id': 2449495054}"
248,2449495057,249,"{'StationStart': 'Аэропорт Домодедово', 'Line': 'В Домодедово', 'TimeStart': '06:30', 'StationEnd': 'Верхние Котлы', 'TimeEnd': '07:08', 'global_id': 2449495057}"
249,2449495058,250,"{'StationStart': 'Аэропорт Домодедово', 'Line': 'В Домодедово', 'TimeStart': '07:00', 'StationEnd': 'Верхние Котлы', 'TimeEnd': '07:40', 'global_id': 2449495058}"
250,2449495060,251,"{'StationStart': 'Аэропорт Домодедово', 'Line': 'В Домодедово', 'TimeStart': '07:30', 'StationEnd': 'Верхние Котлы', 'TimeEnd': '08:09', 'global_id': 2449495060}"
251,2449495061,252,"{'StationStart': 'Аэропорт Домодедово', 'Line': 'В Домодедово', 'TimeStart': '08:00', 'StationEnd': 'Верхние Котлы', 'TimeEnd': '08:39', 'global_id': 2449495061}"
252,2449495062,253,"{'StationStart': 'Аэропорт Домодедово', 'Line': 'В Домодедово', 'TimeStart': '08:30', 'StationEnd': 'Верхние Котлы', 'TimeEnd': '09:09', 'global_id': 2449495062}"
253,2449495063,254,"{'StationStart': 'Аэропорт Домодедово', 'Line': 'В Домодедово', 'TimeStart': '09:00', 'StationEnd': 'Верхние Котлы', 'TimeEnd': '09:40', 'global_id': 2449495063}"
254,2449495064,255,"{'StationStart': 'Аэропорт Домодедово', 'Line': 'В Домодедово', 'TimeStart': '09:30', 'StationEnd': 'Верхние Котлы', 'TimeEnd': '10:09', 'global_id': 2449495064}"
255,2449495065,256,"{'StationStart': 'Аэропорт Домодедово', 'Line': 'В Домодедово', 'TimeStart': '10:00', 'StationEnd': 'Верхние Котлы', 'TimeEnd': '10:41', 'global_id': 2449495065}"
256,2449495066,257,"{'StationStart': 'Аэропорт Домодедово', 'Line': 'В Домодедово', 'TimeStart': '10:30', 'StationEnd': 'Верхние Котлы', 'TimeEnd': '11:10', 'global_id': 2449495066}"
257,2449495067,258,"{'StationStart': 'Аэропорт Домодедово', 'Line': 'В Домодедово', 'TimeStart': '11:00', 'StationEnd': 'Верхние Котлы', 'TimeEnd': '11:39', 'global_id': 2449495067}"
258,2449495068,259,"{'StationStart': 'Аэропорт Домодедово', 'Line': 'В Домодедово', 'TimeStart': '11:30', 'StationEnd': 'Верхние Котлы', 'TimeEnd': '12:10', 'global_id': 2449495068}"
259,2449495070,260,"{'StationStart': 'Аэропорт Домодедово', 'Line': 'В Домодедово', 'TimeStart': '12:00', 'StationEnd': 'Верхние Котлы', 'TimeEnd': '12:41', 'global_id': 2449495070}"
260,2449495071,261,"{'StationStart': 'Аэропорт Домодедово', 'Line': 'В Домодедово', 'TimeStart': '12:30', 'StationEnd': 'Верхние Котлы', 'TimeEnd': '13:12', 'global_id': 2449495071}"
261,2449495073,262,"{'StationStart': 'Аэропорт Домодедово', 'Line': 'В Домодедово', 'TimeStart': '13:00', 'StationEnd': 'Верхние Котлы', 'TimeEnd': '13:39', 'global_id': 2449495073}"
262,2449495074,263,"{'StationStart': 'Аэропорт Домодедово', 'Line': 'В Домодедово', 'TimeStart': '13:30', 'StationEnd': 'Верхние Котлы', 'TimeEnd': '14:07', 'global_id': 2449495074}"
263,2449495075,264,"{'StationStart': 'Аэропорт Домодедово', 'Line': 'В Домодедово', 'TimeStart': '14:00', 'StationEnd': 'Верхние Котлы', 'TimeEnd': '14:39', 'global_id': 2449495075}"
264,2449495076,265,"{'StationStart': 'Аэропорт Домодедово', 'Line': 'В Домодедово', 'TimeStart': '14:30', 'StationEnd': 'Верхние Котлы', 'TimeEnd': '15:09', 'global_id': 2449495076}"
265,2449495077,266,"{'StationStart': 'Аэропорт Домодедово', 'Line': 'В Домодедово', 'TimeStart': '15:00', 'StationEnd': 'Верхние Котлы', 'TimeEnd': '15:39', 'global_id': 2449495077}"
266,2449495078,267,"{'StationStart': 'Аэропорт Домодедово', 'Line': 'В Домодедово', 'TimeStart': '15:30', 'StationEnd': 'Верхние Котлы', 'TimeEnd': '16:12', 'global_id': 2449495078}"
267,2449495079,268,"{'StationStart': 'Аэропорт Домодедово', 'Line': 'В Домодедово', 'TimeStart': '16:00', 'StationEnd': 'Верхние Котлы', 'TimeEnd': '16:41', 'global_id': 2449495079}"
268,2449495080,269,"{'StationStart': 'Аэропорт Домодедово', 'Line': 'В Домодедово', 'TimeStart': '16:30', 'StationEnd': 'Верхние Котлы', 'TimeEnd': '17:10', 'global_id': 2449495080}"
269,2449495082,270,"{'StationStart': 'Аэропорт Домодедово', 'Line': 'В Домодедово', 'TimeStart': '17:00', 'StationEnd': 'Верхние Котлы', 'TimeEnd': '17:41', 'global_id': 2449495082}"
270,2449495083,271,"{'StationStart': 'Аэропорт Домодедово', 'Line': 'В Домодедово', 'TimeStart': '17:30', 'StationEnd': 'Верхние Котлы', 'TimeEnd': '18:11', 'global_id': 2449495083}"
271,2449495084,272,"{'StationStart': 'Аэропорт Домодедово', 'Line': 'В Домодедово', 'TimeStart': '18:00', 'StationEnd': 'Верхние Котлы', 'TimeEnd': '18:42', 'global_id': 2449495084}"
272,2449495085,273,"{'StationStart': 'Аэропорт Домодедово', 'Line': 'В Домодедово', 'TimeStart': '18:30', 'StationEnd': 'Верхние Котлы', 'TimeEnd': '19:11', 'global_id': 2449495085}"
273,2449495087,274,"{'StationStart': 'Аэропорт Домодедово', 'Line': 'В Домодедово', 'TimeStart': '19:00', 'StationEnd': 'Верхние Котлы', 'TimeEnd': '19:39', 'global_id': 2449495087}"
274,2449495088,275,"{'StationStart': 'Аэропорт Домодедово', 'Line': 'В Домодедово', 'TimeStart': '19:30', 'StationEnd': 'Верхние Котлы', 'TimeEnd': '20:12', 'global_id': 2449495088}"
275,2449495089,276,"{'StationStart': 'Аэропорт Домодедово', 'Line': 'В Домодедово', 'TimeStart': '20:00', 'StationEnd': 'Верхние Котлы', 'TimeEnd': '20:40', 'global_id': 2449495089}"
276,2449495090,277,"{'StationStart': 'Аэропорт Домодедово', 'Line': 'В Домодедово', 'TimeStart': '20:30', 'StationEnd': 'Верхние Котлы', 'TimeEnd': '21:12', 'global_id': 2449495090}"
277,2449495091,278,"{'StationStart': 'Аэропорт Домодедово', 'Line': 'В Домодедово', 'TimeStart': '21:00', 'StationEnd': 'Верхние Котлы', 'TimeEnd': '21:41', 'global_id': 2449495091}"
278,2449495092,279,"{'StationStart': 'Аэропорт Домодедово', 'Line': 'В Домодедово', 'TimeStart': '21:30', 'StationEnd': 'Верхние Котлы', 'TimeEnd': '22:09', 'global_id': 2449495092}"
279,2449495093,280,"{'StationStart': 'Аэропорт Домодедово', 'Line': 'В Домодедово', 'TimeStart': '22:00', 'StationEnd': 'Верхние Котлы', 'TimeEnd': '22:41', 'global_id': 2449495093}"
280,2449495094,281,"{'StationStart': 'Аэропорт Домодедово', 'Line': 'В Домодедово', 'TimeStart': '22:30', 'StationEnd': 'Верхние Котлы', 'TimeEnd': '23:11', 'global_id': 2449495094}"
281,2449495096,282,"{'StationStart': 'Аэропорт Домодедово', 'Line': 'В Домодедово', 'TimeStart': '23:00', 'StationEnd': 'Верхние Котлы', 'TimeEnd': '23:40', 'global_id': 2449495096}"
282,2449495097,283,"{'StationStart': 'Аэропорт Домодедово', 'Line': 'В Домодедово', 'TimeStart': '23:30', 'StationEnd': 'Верхние Котлы', 'TimeEnd': '00:11', 'global_id': 2449495097}"
283,2449495140,284,"{'StationStart': 'Аэропорт Шереметьево', 'Line': 'В Шереметьево', 'TimeStart': '04:47', 'StationEnd': 'Окружная', 'TimeEnd': '05:16', 'global_id': 2449495140}"
284,2449495141,285,"{'StationStart': 'Аэропорт Шереметьево', 'Line': 'В Шереметьево', 'TimeStart': '05:25', 'StationEnd': 'Окружная', 'TimeEnd': '05:52', 'global_id': 2449495141}"
285,2449495142,286,"{'StationStart': 'Аэропорт Шереметьево', 'Line': 'В Шереметьево', 'TimeStart': '05:45', 'StationEnd': 'Окружная', 'TimeEnd': '06:19', 'global_id': 2449495142}"
286,2449495143,287,"{'StationStart': 'Аэропорт Шереметьево', 'Line': 'В Шереметьево', 'TimeStart': '06:28', 'StationEnd': 'Окружная', 'TimeEnd': '07:01', 'global_id': 2449495143}"
287,2449495145,288,"{'StationStart': 'Аэропорт Шереметьево', 'Line': 'В Шереметьево', 'TimeStart': '06:58', 'StationEnd': 'Окружная', 'TimeEnd': '07:30', 'global_id': 2449495145}"
288,2449495146,289,"{'StationStart': 'Аэропорт Шереметьево', 'Line': 'В Шереметьево', 'TimeStart': '07:38', 'StationEnd': 'Окружная', 'TimeEnd': '08:11', 'global_id': 2449495146}"
289,2449495147,290,"{'StationStart': 'Аэропорт Шереметьево', 'Line': 'В Шереметьево', 'TimeStart': '08:09', 'StationEnd': 'Окружная', 'TimeEnd': '08:42', 'global_id': 2449495147}"
290,2449495148,291,"{'StationStart': 'Аэропорт Шереметьево', 'Line': 'В Шереметьево', 'TimeStart': '08:49', 'StationEnd': 'Окружная', 'TimeEnd': '09:22', 'global_id': 2449495148}"
291,2449495149,292,"{'StationStart': 'Аэропорт Шереметьево', 'Line': 'В Шереметьево', 'TimeStart': '09:19', 'StationEnd': 'Окружная', 'TimeEnd': '09:52', 'global_id': 2449495149}"
292,2449495150,293,"{'StationStart': 'Аэропорт Шереметьево', 'Line': 'В Шереметьево', 'TimeStart': '09:59', 'StationEnd': 'Окружная', 'TimeEnd': '10:31', 'global_id': 2449495150}"
293,2449495152,294,"{'StationStart': 'Аэропорт Шереметьево', 'Line': 'В Шереметьево', 'TimeStart': '10:30', 'StationEnd': 'Окружная', 'TimeEnd': '11:02', 'global_id': 2449495152}"
294,2449495153,295,"{'StationStart': 'Аэропорт Шереметьево', 'Line': 'В Шереметьево', 'TimeStart': '11:08', 'StationEnd': 'Окружная', 'TimeEnd': '11:42', 'global_id': 2449495153}"
295,2449495154,296,"{'StationStart': 'Аэропорт Шереметьево', 'Line': 'В Шереметьево', 'TimeStart': '11:38', 'StationEnd': 'Окружная', 'TimeEnd': '12:11', 'global_id': 2449495154}"
296,2449495155,297,"{'StationStart': 'Аэропорт Шереметьево', 'Line': 'В Шереметьево', 'TimeStart': '12:19', 'StationEnd': 'Окружная', 'TimeEnd': '12:52', 'global_id': 2449495155}"
297,2449495157,298,"{'StationStart': 'Аэропорт Шереметьево', 'Line': 'В Шереметьево', 'TimeStart': '12:47', 'StationEnd': 'Окружная', 'TimeEnd': '13:21', 'global_id': 2449495157}"
298,2449495158,299,"{'StationStart': 'Аэропорт Шереметьево', 'Line': 'В Шереметьево', 'TimeStart': '13:28', 'StationEnd': 'Окружная', 'TimeEnd': '14:02', 'global_id': 2449495158}"
299,2449495159,300,"{'StationStart': 'Аэропорт Шереметьево', 'Line': 'В Шереметьево', 'TimeStart': '13:58', 'StationEnd': 'Окружная', 'TimeEnd': '14:32', 'global_id': 2449495159}"
300,2449495160,301,"{'StationStart': 'Аэропорт Шереметьево', 'Line': 'В Шереметьево', 'TimeStart': '14:38', 'StationEnd': 'Окружная', 'TimeEnd': '15:12', 'global_id': 2449495160}"
301,2449495161,302,"{'StationStart': 'Аэропорт Шереметьево', 'Line': 'В Шереметьево', 'TimeStart': '15:08', 'StationEnd': 'Окружная', 'TimeEnd': '15:43', 'global_id': 2449495161}"
302,2449495162,303,"{'StationStart': 'Аэропорт Шереметьево', 'Line': 'В Шереметьево', 'TimeStart': '15:48', 'StationEnd': 'Окружная', 'TimeEnd': '16:22', 'global_id': 2449495162}"
303,2449495163,304,"{'StationStart': 'Аэропорт Шереметьево', 'Line': 'В Шереметьево', 'TimeStart': '16:18', 'StationEnd': 'Окружная', 'TimeEnd': '16:52', 'global_id': 2449495163}"
304,2449495165,305,"{'StationStart': 'Аэропорт Шереметьево', 'Line': 'В Шереметьево', 'TimeStart': '16:58', 'StationEnd': 'Окружная', 'TimeEnd': '17:32', 'global_id': 2449495165}"
305,2449495166,306,"{'StationStart': 'Аэропорт Шереметьево', 'Line': 'В Шереметьево', 'TimeStart': '17:29', 'StationEnd': 'Окружная', 'TimeEnd': '18:02', 'global_id': 2449495166}"
306,2449495168,307,"{'StationStart': 'Аэропорт Шереметьево', 'Line': 'В Шереметьево', 'TimeStart': '18:08', 'StationEnd': 'Окружная', 'TimeEnd': '18:42', 'global_id': 2449495168}"
307,2449495169,308,"{'StationStart': 'Аэропорт Шереметьево', 'Line': 'В Шереметьево', 'TimeStart': '18:41', 'StationEnd': 'Окружная', 'TimeEnd': '19:11', 'global_id': 2449495169}"
308,2449495170,309,"{'StationStart': 'Аэропорт Шереметьево', 'Line': 'В Шереметьево', 'TimeStart': '19:18', 'StationEnd': 'Окружная', 'TimeEnd': '19:53', 'global_id': 2449495170}"
309,2449495171,310,"{'StationStart': 'Аэропорт Шереметьево', 'Line': 'В Шереметьево', 'TimeStart': '19:48', 'StationEnd': 'Окружная', 'TimeEnd': '20:22', 'global_id': 2449495171}"
310,2449495172,311,"{'StationStart': 'Аэропорт Шереметьево', 'Line': 'В Шереметьево', 'TimeStart': '20:31', 'StationEnd': 'Окружная', 'TimeEnd': '21:02', 'global_id': 2449495172}"
311,2449495173,312,"{'StationStart': 'Аэропорт Шереметьево', 'Line': 'В Шереметьево', 'TimeStart': '20:59', 'StationEnd': 'Окружная', 'TimeEnd': '21:32', 'global_id': 2449495173}"
312,2449495174,313,"{'StationStart': 'Аэропорт Шереметьево', 'Line': 'В Шереметьево', 'TimeStart': '21:37', 'StationEnd': 'Окружная', 'TimeEnd': '22:12', 'global_id': 2449495174}"
313,2449495176,314,"{'StationStart': 'Аэропорт Шереметьево', 'Line': 'В Шереметьево', 'TimeStart': '22:05', 'StationEnd': 'Окружная', 'TimeEnd': '22:39', 'global_id': 2449495176}"
314,2449495177,315,"{'StationStart': 'Аэропорт Шереметьево', 'Line': 'В Шереметьево', 'TimeStart': '22:55', 'StationEnd': 'Окружная', 'TimeEnd': '23:28', 'global_id': 2449495177}"
315,2449495178,316,"{'StationStart': 'Аэропорт Шереметьево', 'Line': 'В Шереметьево', 'TimeStart': '23:28', 'StationEnd': 'Окружная', 'TimeEnd': '00:00', 'global_id': 2449495178}"
316,2449495180,317,"{'StationStart': 'Аэропорт Шереметьево', 'Line': 'В Шереметьево', 'TimeStart': '00:17', 'StationEnd': 'Окружная', 'TimeEnd': '00:49', 'global_id': 2449495180}"
317,2449495181,318,"{'StationStart': 'Аэропорт Шереметьево', 'Line': 'В Шереметьево', 'TimeStart': '04:47', 'StationEnd': 'Белорусский вокзал', 'TimeEnd': '05:32', 'global_id': 2449495181}"
318,2449495182,319,"{'StationStart': 'Аэропорт Шереметьево', 'Line': 'В Шереметьево', 'TimeStart': '05:25', 'StationEnd': 'Белорусский вокзал', 'TimeEnd': '06:09', 'global_id': 2449495182}"
319,2449495183,320,"{'StationStart': 'Аэропорт Шереметьево', 'Line': 'В Шереметьево', 'TimeStart': '05:45', 'StationEnd': 'Белорусский вокзал', 'TimeEnd': '06:39', 'global_id': 2449495183}"
320,2449495184,321,"{'StationStart': 'Аэропорт Шереметьево', 'Line': 'В Шереметьево', 'TimeStart': '06:28', 'StationEnd': 'Белорусский вокзал', 'TimeEnd': '07:19', 'global_id': 2449495184}"
321,2449495185,322,"{'StationStart': 'Аэропорт Шереметьево', 'Line': 'В Шереметьево', 'TimeStart': '06:58', 'StationEnd': 'Белорусский вокзал', 'TimeEnd': '07:49', 'global_id': 2449495185}"
322,2449495187,323,"{'StationStart': 'Аэропорт Шереметьево', 'Line': 'В Шереметьево', 'TimeStart': '07:38', 'StationEnd': 'Белорусский вокзал', 'TimeEnd': '08:30', 'global_id': 2449495187}"
323,2449495188,324,"{'StationStart': 'Аэропорт Шереметьево', 'Line': 'В Шереметьево', 'TimeStart': '08:09', 'StationEnd': 'Белорусский вокзал', 'TimeEnd': '09:00', 'global_id': 2449495188}"
324,2449495189,325,"{'StationStart': 'Аэропорт Шереметьево', 'Line': 'В Шереметьево', 'TimeStart': '08:49', 'StationEnd': 'Белорусский вокзал', 'TimeEnd': '09:40', 'global_id': 2449495189}"
325,2449495191,326,"{'StationStart': 'Аэропорт Шереметьево', 'Line': 'В Шереметьево', 'TimeStart': '09:19', 'StationEnd': 'Белорусский вокзал', 'TimeEnd': '10:10', 'global_id': 2449495191}"
326,2449495192,327,"{'StationStart': 'Аэропорт Шереметьево', 'Line': 'В Шереметьево', 'TimeStart': '09:59', 'StationEnd': 'Белорусский вокзал', 'TimeEnd': '10:50', 'global_id': 2449495192}"
327,2449495193,328,"{'StationStart': 'Аэропорт Шереметьево', 'Line': 'В Шереметьево', 'TimeStart': '10:30', 'StationEnd': 'Белорусский вокзал', 'TimeEnd': '11:20', 'global_id': 2449495193}"
328,2449495194,329,"{'StationStart': 'Аэропорт Шереметьево', 'Line': 'В Шереметьево', 'TimeStart': '11:08', 'StationEnd': 'Белорусский вокзал', 'TimeEnd': '12:00', 'global_id': 2449495194}"
329,2449495195,330,"{'StationStart': 'Аэропорт Шереметьево', 'Line': 'В Шереметьево', 'TimeStart': '11:38', 'StationEnd': 'Белорусский вокзал', 'TimeEnd': '12:30', 'global_id': 2449495195}"
330,2449495196,331,"{'StationStart': 'Аэропорт Шереметьево', 'Line': 'В Шереметьево', 'TimeStart': '12:19', 'StationEnd': 'Белорусский вокзал', 'TimeEnd': '13:10', 'global_id': 2449495196}"
331,2449495198,332,"{'StationStart': 'Аэропорт Шереметьево', 'Line': 'В Шереметьево', 'TimeStart': '12:47', 'StationEnd': 'Белорусский вокзал', 'TimeEnd': '13:40', 'global_id': 2449495198}"
332,2449495199,333,"{'StationStart': 'Аэропорт Шереметьево', 'Line': 'В Шереметьево', 'TimeStart': '13:28', 'StationEnd': 'Белорусский вокзал', 'TimeEnd': '14:20', 'global_id': 2449495199}"
333,2449495200,334,"{'StationStart': 'Аэропорт Шереметьево', 'Line': 'В Шереметьево', 'TimeStart': '13:58', 'StationEnd': 'Белорусский вокзал', 'TimeEnd': '14:50', 'global_id': 2449495200}"
334,2449495202,335,"{'StationStart': 'Аэропорт Шереметьево', 'Line': 'В Шереметьево', 'TimeStart': '14:38', 'StationEnd': 'Белорусский вокзал', 'TimeEnd': '15:30', 'global_id': 2449495202}"
335,2449495203,336,"{'StationStart': 'Аэропорт Шереметьево', 'Line': 'В Шереметьево', 'TimeStart': '15:08', 'StationEnd': 'Белорусский вокзал', 'TimeEnd': '16:00', 'global_id': 2449495203}"
336,2449495204,337,"{'StationStart': 'Аэропорт Шереметьево', 'Line': 'В Шереметьево', 'TimeStart': '15:48', 'StationEnd': 'Белорусский вокзал', 'TimeEnd': '16:40', 'global_id': 2449495204}"
337,2449495205,338,"{'StationStart': 'Аэропорт Шереметьево', 'Line': 'В Шереметьево', 'TimeStart': '16:18', 'StationEnd': 'Белорусский вокзал', 'TimeEnd': '17:10', 'global_id': 2449495205}"
338,2449495206,339,"{'StationStart': 'Аэропорт Шереметьево', 'Line': 'В Шереметьево', 'TimeStart': '16:58', 'StationEnd': 'Белорусский вокзал', 'TimeEnd': '17:50', 'global_id': 2449495206}"
339,2449495207,340,"{'StationStart': 'Аэропорт Шереметьево', 'Line': 'В Шереметьево', 'TimeStart': '17:29', 'StationEnd': 'Белорусский вокзал', 'TimeEnd': '18:20', 'global_id': 2449495207}"
340,2449495208,341,"{'StationStart': 'Аэропорт Шереметьево', 'Line': 'В Шереметьево', 'TimeStart': '18:08', 'StationEnd': 'Белорусский вокзал', 'TimeEnd': '19:00', 'global_id': 2449495208}"
341,2449495210,342,"{'StationStart': 'Аэропорт Шереметьево', 'Line': 'В Шереметьево', 'TimeStart': '18:41', 'StationEnd': 'Белорусский вокзал', 'TimeEnd': '19:30', 'global_id': 2449495210}"
342,2449495211,343,"{'StationStart': 'Аэропорт Шереметьево', 'Line': 'В Шереметьево', 'TimeStart': '19:18', 'StationEnd': 'Белорусский вокзал', 'TimeEnd': '20:10', 'global_id': 2449495211}"
343,2449495212,344,"{'StationStart': 'Аэропорт Шереметьево', 'Line': 'В Шереметьево', 'TimeStart': '19:48', 'StationEnd': 'Белорусский вокзал', 'TimeEnd': '20:40', 'global_id': 2449495212}"
344,2449495214,345,"{'StationStart': 'Аэропорт Шереметьево', 'Line': 'В Шереметьево', 'TimeStart': '20:31', 'StationEnd': 'Белорусский вокзал', 'TimeEnd': '21:20', 'global_id': 2449495214}"
345,2449495215,346,"{'StationStart': 'Аэропорт Шереметьево', 'Line': 'В Шереметьево', 'TimeStart': '20:59', 'StationEnd': 'Белорусский вокзал', 'TimeEnd': '21:50', 'global_id': 2449495215}"
346,2449495216,347,"{'StationStart': 'Аэропорт Шереметьево', 'Line': 'В Шереметьево', 'TimeStart': '21:37', 'StationEnd': 'Белорусский вокзал', 'TimeEnd': '22:30', 'global_id': 2449495216}"
347,2449495217,348,"{'StationStart': 'Аэропорт Шереметьево', 'Line': 'В Шереметьево', 'TimeStart': '22:05', 'StationEnd': 'Белорусский вокзал', 'TimeEnd': '22:57', 'global_id': 2449495217}"
348,2449495218,349,"{'StationStart': 'Аэропорт Шереметьево', 'Line': 'В Шереметьево', 'TimeStart': '22:55', 'StationEnd': 'Белорусский вокзал', 'TimeEnd': '23:45', 'global_id': 2449495218}"
349,2449495219,350,"{'StationStart': 'Аэропорт Шереметьево', 'Line': 'В Шереметьево', 'TimeStart': '23:28', 'StationEnd': 'Белорусский вокзал', 'TimeEnd': '00:18', 'global_id': 2449495219}"
350,2449495220,351,"{'StationStart': 'Аэропорт Шереметьево', 'Line': 'В Шереметьево', 'TimeStart': '00:17', 'StationEnd': 'Белорусский вокзал', 'TimeEnd': '01:06', 'global_id': 2449495220}"
351,2449495227,352,"{'StationStart': 'Савеловский вокзал', 'Line': 'В Шереметьево', 'TimeStart': '05:20', 'StationEnd': 'Аэропорт Шереметьево', 'TimeEnd': '05:53', 'global_id': 2449495227}"
352,2449495228,353,"{'StationStart': 'Савеловский вокзал', 'Line': 'В Шереметьево', 'TimeStart': '05:45', 'StationEnd': 'Аэропорт Шереметьево', 'TimeEnd': '06:25', 'global_id': 2449495228}"
353,2449495229,354,"{'StationStart': 'Савеловский вокзал', 'Line': 'В Шереметьево', 'TimeStart': '06:22', 'StationEnd': 'Аэропорт Шереметьево', 'TimeEnd': '07:07', 'global_id': 2449495229}"
354,2449495230,355,"{'StationStart': 'Савеловский вокзал', 'Line': 'В Шереметьево', 'TimeStart': '06:52', 'StationEnd': 'Аэропорт Шереметьево', 'TimeEnd': '07:38', 'global_id': 2449495230}"
355,2449495232,356,"{'StationStart': 'Савеловский вокзал', 'Line': 'В Шереметьево', 'TimeStart': '07:32', 'StationEnd': 'Аэропорт Шереметьево', 'TimeEnd': '08:21', 'global_id': 2449495232}"
356,2449495233,357,"{'StationStart': 'Савеловский вокзал', 'Line': 'В Шереметьево', 'TimeStart': '08:03', 'StationEnd': 'Аэропорт Шереметьево', 'TimeEnd': '08:50', 'global_id': 2449495233}"
357,2449495234,358,"{'StationStart': 'Савеловский вокзал', 'Line': 'В Шереметьево', 'TimeStart': '08:43', 'StationEnd': 'Аэропорт Шереметьево', 'TimeEnd': '09:30', 'global_id': 2449495234}"
358,2449495235,359,"{'StationStart': 'Савеловский вокзал', 'Line': 'В Шереметьево', 'TimeStart': '09:13', 'StationEnd': 'Аэропорт Шереметьево', 'TimeEnd': '10:02', 'global_id': 2449495235}"
359,2449495236,360,"{'StationStart': 'Савеловский вокзал', 'Line': 'В Шереметьево', 'TimeStart': '09:53', 'StationEnd': 'Аэропорт Шереметьево', 'TimeEnd': '10:38', 'global_id': 2449495236}"
360,2449495238,361,"{'StationStart': 'Савеловский вокзал', 'Line': 'В Шереметьево', 'TimeStart': '10:23', 'StationEnd': 'Аэропорт Шереметьево', 'TimeEnd': '11:08', 'global_id': 2449495238}"
361,2449495239,362,"{'StationStart': 'Савеловский вокзал', 'Line': 'В Шереметьево', 'TimeStart': '11:03', 'StationEnd': 'Аэропорт Шереметьево', 'TimeEnd': '11:48', 'global_id': 2449495239}"
362,2449495240,363,"{'StationStart': 'Савеловский вокзал', 'Line': 'В Шереметьево', 'TimeStart': '11:33', 'StationEnd': 'Аэропорт Шереметьево', 'TimeEnd': '12:17', 'global_id': 2449495240}"
363,2449495241,364,"{'StationStart': 'Савеловский вокзал', 'Line': 'В Шереметьево', 'TimeStart': '12:13', 'StationEnd': 'Аэропорт Шереметьево', 'TimeEnd': '12:57', 'global_id': 2449495241}"
364,2449495243,365,"{'StationStart': 'Савеловский вокзал', 'Line': 'В Шереметьево', 'TimeStart': '12:43', 'StationEnd': 'Аэропорт Шереметьево', 'TimeEnd': '13:27', 'global_id': 2449495243}"
365,2449495244,366,"{'StationStart': 'Савеловский вокзал', 'Line': 'В Шереметьево', 'TimeStart': '13:23', 'StationEnd': 'Аэропорт Шереметьево', 'TimeEnd': '14:07', 'global_id': 2449495244}"
366,2449495245,367,"{'StationStart': 'Савеловский вокзал', 'Line': 'В Шереметьево', 'TimeStart': '13:53', 'StationEnd': 'Аэропорт Шереметьево', 'TimeEnd': '14:37', 'global_id': 2449495245}"
367,2449495246,368,"{'StationStart': 'Савеловский вокзал', 'Line': 'В Шереметьево', 'TimeStart': '14:33', 'StationEnd': 'Аэропорт Шереметьево', 'TimeEnd': '15:17', 'global_id': 2449495246}"
368,2449495247,369,"{'StationStart': 'Савеловский вокзал', 'Line': 'В Шереметьево', 'TimeStart': '15:03', 'StationEnd': 'Аэропорт Шереметьево', 'TimeEnd': '15:48', 'global_id': 2449495247}"
369,2449495248,370,"{'StationStart': 'Савеловский вокзал', 'Line': 'В Шереметьево', 'TimeStart': '15:43', 'StationEnd': 'Аэропорт Шереметьево', 'TimeEnd': '16:28', 'global_id': 2449495248}"
370,2449495249,371,"{'StationStart': 'Савеловский вокзал', 'Line': 'В Шереметьево', 'TimeStart': '16:13', 'StationEnd': 'Аэропорт Шереметьево', 'TimeEnd': '17:02', 'global_id': 2449495249}"
371,2449495251,372,"{'StationStart': 'Савеловский вокзал', 'Line': 'В Шереметьево', 'TimeStart': '16:53', 'StationEnd': 'Аэропорт Шереметьево', 'TimeEnd': '17:38', 'global_id': 2449495251}"
372,2449495252,373,"{'StationStart': 'Савеловский вокзал', 'Line': 'В Шереметьево', 'TimeStart': '17:23', 'StationEnd': 'Аэропорт Шереметьево', 'TimeEnd': '18:12', 'global_id': 2449495252}"
373,2449495253,374,"{'StationStart': 'Савеловский вокзал', 'Line': 'В Шереметьево', 'TimeStart': '18:03', 'StationEnd': 'Аэропорт Шереметьево', 'TimeEnd': '18:48', 'global_id': 2449495253}"
374,2449495255,375,"{'StationStart': 'Савеловский вокзал', 'Line': 'В Шереметьево', 'TimeStart': '18:33', 'StationEnd': 'Аэропорт Шереметьево', 'TimeEnd': '19:18', 'global_id': 2449495255}"
375,2449495256,376,"{'StationStart': 'Савеловский вокзал', 'Line': 'В Шереметьево', 'TimeStart': '19:13', 'StationEnd': 'Аэропорт Шереметьево', 'TimeEnd': '20:02', 'global_id': 2449495256}"
376,2449495257,377,"{'StationStart': 'Савеловский вокзал', 'Line': 'В Шереметьево', 'TimeStart': '19:43', 'StationEnd': 'Аэропорт Шереметьево', 'TimeEnd': '20:28', 'global_id': 2449495257}"
377,2449495258,378,"{'StationStart': 'Савеловский вокзал', 'Line': 'В Шереметьево', 'TimeStart': '20:23', 'StationEnd': 'Аэропорт Шереметьево', 'TimeEnd': '21:08', 'global_id': 2449495258}"
378,2449495259,379,"{'StationStart': 'Савеловский вокзал', 'Line': 'В Шереметьево', 'TimeStart': '20:53', 'StationEnd': 'Аэропорт Шереметьево', 'TimeEnd': '21:35', 'global_id': 2449495259}"
379,2449495260,380,"{'StationStart': 'Савеловский вокзал', 'Line': 'В Шереметьево', 'TimeStart': '21:33', 'StationEnd': 'Аэропорт Шереметьево', 'TimeEnd': '22:14', 'global_id': 2449495260}"
380,2449495261,381,"{'StationStart': 'Савеловский вокзал', 'Line': 'В Шереметьево', 'TimeStart': '22:08', 'StationEnd': 'Аэропорт Шереметьево', 'TimeEnd': '22:54', 'global_id': 2449495261}"
381,2449495262,382,"{'StationStart': 'Савеловский вокзал', 'Line': 'В Шереметьево', 'TimeStart': '22:40', 'StationEnd': 'Аэропорт Шереметьево', 'TimeEnd': '23:28', 'global_id': 2449495262}"
382,2449495264,383,"{'StationStart': 'Савеловский вокзал', 'Line': 'В Шереметьево', 'TimeStart': '23:23', 'StationEnd': 'Аэропорт Шереметьево', 'TimeEnd': '00:08', 'global_id': 2449495264}"
383,2449495265,384,"{'StationStart': 'Савеловский вокзал', 'Line': 'В Шереметьево', 'TimeStart': '23:55', 'StationEnd': 'Аэропорт Шереметьево', 'TimeEnd': '00:41', 'global_id': 2449495265}"
384,2449495266,385,"{'StationStart': 'Савеловский вокзал', 'Line': 'В Шереметьево', 'TimeStart': '00:41', 'StationEnd': 'Аэропорт Шереметьево', 'TimeEnd': '01:29', 'global_id': 2449495266}"
385,2449497374,386,"{'StationStart': 'Аэропорт Шереметьево', 'Line': 'В Шереметьево', 'TimeStart': '13:58', 'StationEnd': 'Савеловский вокзал', 'TimeEnd': '14:45', 'global_id': 2449497374}"
386,2449497906,387,"{'StationStart': 'Киевский вокзал', 'Line': 'Во Внуково', 'TimeStart': '14:00', 'StationEnd': 'Аэропорт Внуково', 'TimeEnd': '14:40', 'global_id': 2449497906}"
387,2449498910,388,"{'StationStart': 'Киевский вокзал', 'Line': 'Во Внуково', 'TimeStart': '15:00', 'StationEnd': 'Аэропорт Внуково', 'TimeEnd': '15:35', 'global_id': 2449498910}"
388,2449499017,389,"{'StationStart': 'Верхние Котлы', 'Line': 'В Домодедово', 'TimeStart': '15:08', 'StationEnd': 'Аэропорт Домодедово', 'TimeEnd': '15:48', 'global_id': 2449499017}"
389,2449499119,390,"{'StationStart': 'Верхние Котлы', 'Line': 'В Домодедово', 'TimeStart': '15:38', 'StationEnd': 'Аэропорт Домодедово', 'TimeEnd': '16:18', 'global_id': 2449499119}"
390,2449499246,391,"{'StationStart': 'Верхние Котлы', 'Line': 'В Домодедово', 'TimeStart': '22:38', 'StationEnd': 'Аэропорт Домодедово', 'TimeEnd': '23:16', 'global_id': 2449499246}"
391,2449499506,392,"{'StationStart': 'Аэропорт Шереметьево', 'Line': 'В Шереметьево', 'TimeStart': '04:47', 'StationEnd': 'Савеловский вокзал', 'TimeEnd': '05:27', 'global_id': 2449499506}"
392,2449499601,393,"{'StationStart': 'Аэропорт Шереметьево', 'Line': 'В Шереметьево', 'TimeStart': '05:25', 'StationEnd': 'Савеловский вокзал', 'TimeEnd': '06:03', 'global_id': 2449499601}"
393,2449499683,394,"{'StationStart': 'Аэропорт Шереметьево', 'Line': 'В Шереметьево', 'TimeStart': '05:45', 'StationEnd': 'Савеловский вокзал', 'TimeEnd': '06:34', 'global_id': 2449499683}"
394,2449499769,395,"{'StationStart': 'Аэропорт Шереметьево', 'Line': 'В Шереметьево', 'TimeStart': '06:28', 'StationEnd': 'Савеловский вокзал', 'TimeEnd': '07:14', 'global_id': 2449499769}"
395,2449499866,396,"{'StationStart': 'Аэропорт Шереметьево', 'Line': 'В Шереметьево', 'TimeStart': '06:58', 'StationEnd': 'Савеловский вокзал', 'TimeEnd': '07:44', 'global_id': 2449499866}"
396,2449499967,397,"{'StationStart': 'Аэропорт Шереметьево', 'Line': 'В Шереметьево', 'TimeStart': '07:38', 'StationEnd': 'Савеловский вокзал', 'TimeEnd': '08:25', 'global_id': 2449499967}"
397,2449500121,398,"{'StationStart': 'Аэропорт Шереметьево', 'Line': 'В Шереметьево', 'TimeStart': '08:09', 'StationEnd': 'Савеловский вокзал', 'TimeEnd': '08:55', 'global_id': 2449500121}"
398,2449500229,399,"{'StationStart': 'Аэропорт Шереметьево', 'Line': 'В Шереметьево', 'TimeStart': '08:49', 'StationEnd': 'Савеловский вокзал', 'TimeEnd': '09:35', 'global_id': 2449500229}"
399,2449500282,400,"{'StationStart': 'Аэропорт Шереметьево', 'Line': 'В Шереметьево', 'TimeStart': '09:19', 'StationEnd': 'Савеловский вокзал', 'TimeEnd': '10:05', 'global_id': 2449500282}"
400,2449500386,401,"{'StationStart': 'Аэропорт Шереметьево', 'Line': 'В Шереметьево', 'TimeStart': '09:59', 'StationEnd': 'Савеловский вокзал', 'TimeEnd': '10:45', 'global_id': 2449500386}"
401,2449500459,402,"{'StationStart': 'Аэропорт Шереметьево', 'Line': 'В Шереметьево', 'TimeStart': '10:30', 'StationEnd': 'Савеловский вокзал', 'TimeEnd': '11:15', 'global_id': 2449500459}"
402,2449500507,403,"{'StationStart': 'Аэропорт Шереметьево', 'Line': 'В Шереметьево', 'TimeStart': '11:08', 'StationEnd': 'Савеловский вокзал', 'TimeEnd': '11:55', 'global_id': 2449500507}"
403,2449500616,404,"{'StationStart': 'Аэропорт Шереметьево', 'Line': 'В Шереметьево', 'TimeStart': '11:38', 'StationEnd': 'Савеловский вокзал', 'TimeEnd': '12:25', 'global_id': 2449500616}"
404,2449500839,405,"{'StationStart': 'Аэропорт Шереметьево', 'Line': 'В Шереметьево', 'TimeStart': '12:19', 'StationEnd': 'Савеловский вокзал', 'TimeEnd': '13:05', 'global_id': 2449500839}"
405,2449500892,406,"{'StationStart': 'Аэропорт Шереметьево', 'Line': 'В Шереметьево', 'TimeStart': '12:47', 'StationEnd': 'Савеловский вокзал', 'TimeEnd': '13:35', 'global_id': 2449500892}"
406,2449500951,407,"{'StationStart': 'Аэропорт Шереметьево', 'Line': 'В Шереметьево', 'TimeStart': '13:28', 'StationEnd': 'Савеловский вокзал', 'TimeEnd': '14:15', 'global_id': 2449500951}"
407,2449501254,408,"{'StationStart': 'Аэропорт Шереметьево', 'Line': 'В Шереметьево', 'TimeStart': '14:38', 'StationEnd': 'Савеловский вокзал', 'TimeEnd': '15:25', 'global_id': 2449501254}"
408,2449501357,409,"{'StationStart': 'Аэропорт Шереметьево', 'Line': 'В Шереметьево', 'TimeStart': '15:08', 'StationEnd': 'Савеловский вокзал', 'TimeEnd': '15:55', 'global_id': 2449501357}"
409,2449501433,410,"{'StationStart': 'Аэропорт Шереметьево', 'Line': 'В Шереметьево', 'TimeStart': '15:48', 'StationEnd': 'Савеловский вокзал', 'TimeEnd': '16:35', 'global_id': 2449501433}"
410,2449501533,411,"{'StationStart': 'Аэропорт Шереметьево', 'Line': 'В Шереметьево', 'TimeStart': '16:18', 'StationEnd': 'Савеловский вокзал', 'TimeEnd': '17:05', 'global_id': 2449501533}"
411,2449501624,412,"{'StationStart': 'Аэропорт Шереметьево', 'Line': 'В Шереметьево', 'TimeStart': '16:58', 'StationEnd': 'Савеловский вокзал', 'TimeEnd': '17:45', 'global_id': 2449501624}"
412,2449501705,413,"{'StationStart': 'Аэропорт Шереметьево', 'Line': 'В Шереметьево', 'TimeStart': '17:29', 'StationEnd': 'Савеловский вокзал', 'TimeEnd': '18:15', 'global_id': 2449501705}"
413,2449501799,414,"{'StationStart': 'Аэропорт Шереметьево', 'Line': 'В Шереметьево', 'TimeStart': '18:08', 'StationEnd': 'Савеловский вокзал', 'TimeEnd': '18:35', 'global_id': 2449501799}"
414,2449502332,415,"{'StationStart': 'Аэропорт Шереметьево', 'Line': 'В Шереметьево', 'TimeStart': '18:41', 'StationEnd': 'Савеловский вокзал', 'TimeEnd': '19:25', 'global_id': 2449502332}"
415,2449502511,416,"{'StationStart': 'Аэропорт Шереметьево', 'Line': 'В Шереметьево', 'TimeStart': '19:18', 'StationEnd': 'Савеловский вокзал', 'TimeEnd': '20:05', 'global_id': 2449502511}"
416,2449502603,417,"{'StationStart': 'Аэропорт Шереметьево', 'Line': 'В Шереметьево', 'TimeStart': '19:48', 'StationEnd': 'Савеловский вокзал', 'TimeEnd': '20:35', 'global_id': 2449502603}"
417,2449502755,418,"{'StationStart': 'Аэропорт Шереметьево', 'Line': 'В Шереметьево', 'TimeStart': '20:31', 'StationEnd': 'Савеловский вокзал', 'TimeEnd': '21:15', 'global_id': 2449502755}"
418,2449502838,419,"{'StationStart': 'Аэропорт Шереметьево', 'Line': 'В Шереметьево', 'TimeStart': '20:59', 'StationEnd': 'Савеловский вокзал', 'TimeEnd': '21:45', 'global_id': 2449502838}"
419,2449502904,420,"{'StationStart': 'Аэропорт Шереметьево', 'Line': 'В Шереметьево', 'TimeStart': '21:37', 'StationEnd': 'Савеловский вокзал', 'TimeEnd': '22:25', 'global_id': 2449502904}"
420,2449503011,421,"{'StationStart': 'Аэропорт Шереметьево', 'Line': 'В Шереметьево', 'TimeStart': '22:05', 'StationEnd': 'Савеловский вокзал', 'TimeEnd': '22:52', 'global_id': 2449503011}"
421,2449503118,422,"{'StationStart': 'Аэропорт Шереметьево', 'Line': 'В Шереметьево', 'TimeStart': '22:55', 'StationEnd': 'Савеловский вокзал', 'TimeEnd': '23:40', 'global_id': 2449503118}"
422,2449503195,423,"{'StationStart': 'Аэропорт Шереметьево', 'Line': 'В Шереметьево', 'TimeStart': '23:28', 'StationEnd': 'Савеловский вокзал', 'TimeEnd': '00:13', 'global_id': 2449503195}"
423,2449503314,424,"{'StationStart': 'Аэропорт Шереметьево', 'Line': 'В Шереметьево', 'TimeStart': '00:17', 'StationEnd': 'Савеловский вокзал', 'TimeEnd': '01:01', 'global_id': 2449503314}"
